Title,Date;
Young Sheldon: 2. Sezon: Yaşanamamış Bir Çocukluk ve Bir Kutu Karışık Çerez,;21.11.2024
Young Sheldon: 2. Sezon: Aile Dinamikleri ve Kırmızı Bir Fiero,;21.11.2024
Young Sheldon: 2. Sezon: 8 Bitlik Prenses ve Patlak Lastik Dâhisi,;20.11.2024
Young Sheldon: 2. Sezon: Radyokarbon Sınıflandırma ve Doldurulmuş Rakun,;20.11.2024
Young Sheldon: 2. Sezon: Yedi Ölümcül Günah ve Küçük Bir Carl Sagan,;18.11.2024
Young Sheldon: 2. Sezon: Araştırma Çalışması ve Çekoslovak Düğün Pastaları,;18.11.2024
Young Sheldon: 2. Sezon: Mali Bir Sır ve Balık Sosu,;18.11.2024
Young Sheldon: 2. Sezon: İnanç Krizi ve Ahtapot Uzaylılar,;18.11.2024
Friends: 9. Sezon: İlk Buluşma,;18.11.2024
Young Sheldon: 2. Sezon: Rakip Deha ve Sir Isaac Neutron,;18.11.2024
Young Sheldon: 2. Sezon: Tiz Uğultu ve Destek Tekerleri,;17.11.2024
Young Sheldon: 1. Sezon: Vanilyalı Dondurma, Talipler ve Yemek Odası Takımı,;16.11.2024
Jake Paul vs. Mike Tyson,;16.11.2024
Young Sheldon: 1. Sezon: Yaz Sosisi, Bir Cep Yağmurluğu ve Tony Danza,;15.11.2024
Young Sheldon: 1. Sezon: Bir Köpek, Bir Sincap ve Adı Balık Olan Bir Balık,;15.11.2024
Young Sheldon: 1. Sezon: Gluonlar, Guacamole ve Mor,;14.11.2024
Young Sheldon: 1. Sezon: Bir Anne, Bir Çocuk ve Mavi Adamın Arka Tarafı,;13.11.2024
Young Sheldon: 1. Sezon: Jiu-Jitsu, Balonlu Naylon ve Yoo-hoo,;13.11.2024
Young Sheldon: 1. Sezon: Katil Asteroidler, Oklahoma ve Kıvırcık Saç Makinesi,;13.11.2024
Young Sheldon: 1. Sezon: Dolomit, Elma Dilimleri ve Gizemli Bir Kadın,;13.11.2024
Young Sheldon: 1. Sezon: Patates Salatası, Bir Süpürge Sapı ve Babanın Viskisi,;12.11.2024
Young Sheldon: 1. Sezon: Bir Hapşırık, Okulda Kalma Cezası ve Sissy Spacek,;12.11.2024
Young Sheldon: 1. Sezon: Bir Bilgisayar, Plastik Bir Midilli ve Bir Kasa Bira,;12.11.2024
Young Sheldon: 1. Sezon: Şeytanlar, Pazar Dersi ve Asal Sayılar,;12.11.2024
Young Sheldon: 1. Sezon: Kartal Tüyü, Taze Fasulye ve Bir Eskimo,;11.11.2024
Young Sheldon: 1. Sezon: Spock, Kirk ve Testis Fıtığı,;11.11.2024
Young Sheldon: 1. Sezon: Canaveral Burnu, Schrödinger'in Kedisi ve Cyndi Lauper'ın Saçı,;11.11.2024
Young Sheldon: 1. Sezon: Göğüs Eti, Büyücü ve Cannonball Run,;10.11.2024
Young Sheldon: 1. Sezon: Bir Arma, Bir Modem ve Bir Zantac®,;10.11.2024
Young Sheldon: 1. Sezon: Güneş Enerjili Hesap Makinesi, Maçtaki Top ve Bir Ponpon Kızın Bağrı,;9.11.2024
Young Sheldon: 1. Sezon: Bir Terapist, Bir Çizgi Roman ve Kahvaltıdaki Sosis,;9.11.2024
Young Sheldon: 1. Sezon: Poker, İnanç ve Yumurtalar,;9.11.2024
Young Sheldon: 1. Sezon: Roketler, Komünistler ve Dewey Ondalık Sistemi,;9.11.2024
Young Sheldon: 1. Sezon: Pilot Bölüm,;8.11.2024
Suspicious Partner: Mini Dizi: 20. Bölüm,;8.11.2024
Suspicious Partner: Mini Dizi: 19. Bölüm,;7.11.2024
Suspicious Partner: Mini Dizi: 18. Bölüm,;7.11.2024
Suspicious Partner: Mini Dizi: 17. Bölüm,;7.11.2024
Suspicious Partner: Mini Dizi: 16. Bölüm,;7.11.2024
Suspicious Partner: Mini Dizi: 15. Bölüm,;7.11.2024
Suspicious Partner: Mini Dizi: 14. Bölüm,;6.11.2024
Suspicious Partner: Mini Dizi: 13. Bölüm,;4.11.2024
Suspicious Partner: Mini Dizi: 12. Bölüm,;4.11.2024
Suspicious Partner: Mini Dizi: 11. Bölüm,;4.11.2024
Suspicious Partner: Mini Dizi: 10. Bölüm,;4.11.2024
Suspicious Partner: Mini Dizi: 9. Bölüm,;3.11.2024
Suspicious Partner: Mini Dizi: 8. Bölüm,;3.11.2024
Suspicious Partner: Mini Dizi: 7. Bölüm,;2.11.2024
Suspicious Partner: Mini Dizi: 6. Bölüm,;2.11.2024
Suspicious Partner: Mini Dizi: 5. Bölüm,;1.11.2024
Suspicious Partner: Mini Dizi: 4. Bölüm,;1.11.2024
Suspicious Partner: Mini Dizi: 3. Bölüm,;1.11.2024
Suspicious Partner: Mini Dizi: 2. Bölüm,;1.11.2024
Suspicious Partner: Mini Dizi: 1. Bölüm,;1.11.2024
Doom at Your Service: Mini Dizi: 1. Bölüm,;31.10.2024
Welcome to Samdal-ri: Mini Dizi: Samdalri'ye Hoş Geldiniz,;31.10.2024
Welcome to Samdal-ri: Mini Dizi: Bir Ejderha Büyütmek İçin Koca Bir Köy Gerekir,;31.10.2024
Welcome to Samdal-ri: Mini Dizi: Gözyaşların Kuruduğunda,;31.10.2024
Welcome to Samdal-ri: Mini Dizi: Karşılıksız Aşkın Canı Cehenneme,;30.10.2024
Welcome to Samdal-ri: Mini Dizi: Evine Hoş Geldin,;30.10.2024
Welcome to Samdal-ri: Mini Dizi: Öldürmeyen Şey Güçlendirir,;30.10.2024
Welcome to Samdal-ri: Mini Dizi: Öngörülemeyen Etkenler,;29.10.2024
Welcome to Samdal-ri: Mini Dizi: İki Mi-ja’nın Hikâyesi,;29.10.2024
Welcome to Samdal-ri: Mini Dizi: Muson Yağmurları,;29.10.2024
Welcome to Samdal-ri: Mini Dizi: Severek Ayrılmak,;29.10.2024
Welcome to Samdal-ri: Mini Dizi: Cho Yong-Pil'den Hayaller,;29.10.2024
Welcome to Samdal-ri: Mini Dizi: Seni Anlıyorum,;29.10.2024
Welcome to Samdal-ri: Mini Dizi: Başımın Tatlı Belası,;29.10.2024
Welcome to Samdal-ri: Mini Dizi: Göçmen Kuşun Yükselişi, Hayalleri ve Düşüşü,;28.10.2024
Welcome to Samdal-ri: Mini Dizi: Ruh İkizlerinin Geçmişi,;28.10.2024
Welcome to Samdal-ri: Mini Dizi: Ejderhanın Gözyaşları,;28.10.2024
Friends: 6. Sezon: Ross Gerçekleri Kabul Etmiyor,;24.10.2024
Kulüp: 2. Sezon: 10. Bölüm,;24.10.2024
Kulüp: 2. Sezon: 9. Bölüm,;24.10.2024
Kulüp: 2. Sezon: 8. Bölüm,;22.10.2024
Kulüp: 2. Sezon: 7. Bölüm,;22.10.2024
Kulüp: 2. Sezon: 6. Bölüm,;22.10.2024
Kulüp: 2. Sezon: 5. Bölüm,;22.10.2024
Kulüp: 2. Sezon: 4. Bölüm,;21.10.2024
Kulüp: 2. Sezon: 3. Bölüm,;21.10.2024
Kulüp: 2. Sezon: 2. Bölüm,;20.10.2024
Kulüp: 2. Sezon: 1. Bölüm,;20.10.2024
Kulüp: 1. Sezon: 10. Bölüm,;20.10.2024
Kulüp: 1. Sezon: 9. Bölüm,;20.10.2024
Kulüp: 1. Sezon: 8. Bölüm,;19.10.2024
Kulüp: 1. Sezon: 7. Bölüm,;19.10.2024
Kulüp: 1. Sezon: 6. Bölüm,;19.10.2024
Kulüp: 1. Sezon: 5. Bölüm,;16.10.2024
Kulüp: 1. Sezon: 4. Bölüm,;16.10.2024
Kulüp: 1. Sezon: 3. Bölüm,;16.10.2024
Kulüp: 1. Sezon: 2. Bölüm,;15.10.2024
Kulüp: 1. Sezon: 1. Bölüm,;15.10.2024
Pera Palas'ta Gece Yarısı: 2. Sezon: 8. Bölüm,;13.10.2024
Pera Palas'ta Gece Yarısı: 2. Sezon: 7. Bölüm,;13.10.2024
Pera Palas'ta Gece Yarısı: 2. Sezon: 6. Bölüm,;13.10.2024
Pera Palas'ta Gece Yarısı: 2. Sezon: 5. Bölüm,;13.10.2024
Pera Palas'ta Gece Yarısı: 2. Sezon: 4. Bölüm,;13.10.2024
Pera Palas'ta Gece Yarısı: 2. Sezon: 3. Bölüm,;13.10.2024
Pera Palas'ta Gece Yarısı: 2. Sezon: 2. Bölüm,;13.10.2024
Pera Palas'ta Gece Yarısı: 2. Sezon: 1. Bölüm,;11.10.2024
Kakegurui: Ezik Kız,;6.10.2024
Kung Fu Panda: Ejderha Şövalye: 1. Sezon: Şövalye Kanunu,;3.10.2024
Kung Fu Panda: Ejderha Şövalye: 1. Sezon: Patiye Gaye,;3.10.2024
Kakegurui: Yumeko Jabami Adında Bir Kız,;1.10.2024
Emily in Paris: 4. Sezon: Tüm Yollar Roma'ya Çıkıyor,;14.09.2024
Emily in Paris: 4. Sezon: Roma Tatili,;14.09.2024
Emily in Paris: 4. Sezon: Çılgın Hayata Dönüş,;14.09.2024
Emily in Paris: 4. Sezon: Bir Konuşabilse,;14.09.2024
Emily in Paris: 4. Sezon: Son Noel,;13.09.2024
Emily in Paris: 4. Sezon: Göz Yanılsaması,;13.09.2024
Emily in Paris: 4. Sezon: Gri Bölge,;13.09.2024
Emily in Paris: 4. Sezon: Maskeli Balo,;13.09.2024
Emily in Paris: 4. Sezon: Kaçak Sevgili,;13.09.2024
Emily in Paris: 4. Sezon: Kırılma Noktası,;11.09.2024
Friends: 10. Sezon: Biyolojik Anne,;7.08.2024
Friends: 10. Sezon: Joey ve Rachel'ın Öpüşmesinin Ertesi Günü,;7.08.2024
Friends: 10. Sezon: Final: Kısım 1 ve 2,;7.08.2024
Friends: 10. Sezon: Rachel'ın Veda Partisi,;6.08.2024
Friends: 10. Sezon: Estelle'in Ölümü,;6.08.2024
Friends: 10. Sezon: Prenses Consuela,;6.08.2024
Friends: 10. Sezon: Joey Fransızca Öğreniyor,;6.08.2024
Friends: 10. Sezon: Phoebe'nin Düğünü,;6.08.2024
Friends: 10. Sezon: Striptizci Ağlıyor,;6.08.2024
Friends: 10. Sezon: Chandler Suçüstü Yakalanıyor,;5.08.2024
Friends: 10. Sezon: Herkesin Geç Kaldığı Şükran Günü Yemeği,;5.08.2024
Friends: 10. Sezon: Kusursuz Bir Yuva,;5.08.2024
Friends: 10. Sezon: Ross'un Araştırma Bursu,;5.08.2024
Friends: 10. Sezon: Rachel'ın Kız Kardeşi Emma'ya Bakıyor,;5.08.2024
Friends: 10. Sezon: Doğum Günü Pastası,;5.08.2024
Friends: 10. Sezon: Ross'un Yanık Teni,;5.08.2024
Friends: 10. Sezon: Ross Gerçekten İyi,;5.08.2024
Friends: 9. Sezon: Barbados Gezisi: Kısım 2,;5.08.2024
Friends: 9. Sezon: Barbados Gezisi: Kısım 1,;5.08.2024
Friends: 9. Sezon: Donör,;5.08.2024
Friends: 9. Sezon: Üreme Testi,;5.08.2024
Friends: 9. Sezon: Pembe Dizi Partisi,;5.08.2024
Friends: 9. Sezon: Rachel'ın Rüyası,;5.08.2024
Friends: 9. Sezon: Piyango,;4.08.2024
Friends: 9. Sezon: Cenaze,;4.08.2024
Friends: 9. Sezon: Göğüs Büyüttürme,;4.08.2024
Friends: 9. Sezon: Gasp Travması,;4.08.2024
Friends: 9. Sezon: Monica'nın Karaoke Yeteneği,;4.08.2024
Friends: 9. Sezon: Phoebe'nin Sıçanları,;4.08.2024
Friends: 9. Sezon: Rachel İşe Geri Dönüyor,;4.08.2024
Friends: 9. Sezon: Tulsa'da Noel,;4.08.2024
Friends: 9. Sezon: Rachel'ın Telefon Numarası,;4.08.2024
Friends: 9. Sezon: Rachel'ın Diğer Kız Kardeşi,;3.08.2024
Friends: 9. Sezon: Ross'un Uygunsuz Ninnisi,;3.08.2024
The Powerpuff Girls: 1. Sezon: Maymunlar Buyurur, Köpekler Yapar / Korkunç Anne,;1.08.2024
Friends: 9. Sezon: Erkek Dadı,;1.08.2024
Friends: 9. Sezon: Phoebe'nin Doğum Günü Yemeği,;31.07.2024
Friends: 9. Sezon: Köpek Balıkları,;31.07.2024
Friends: 9. Sezon: Çocuk Doktoru,;31.07.2024
Friends: 9. Sezon: Emma'nın Gözyaşları,;30.07.2024
Friends: 9. Sezon: Nişan Karmaşası,;30.07.2024
Friends: 8. Sezon: Rachel Doğum Yapıyor: Kısım 2,;30.07.2024
Friends: 8. Sezon: Rachel Doğum Yapıyor: Kısım 1,;30.07.2024
Friends: 8. Sezon: Rachel Gecikiyor,;29.07.2024
Friends: 8. Sezon: Aşçılık Dersi,;29.07.2024
Friends: 8. Sezon: Bebek Partisi,;29.07.2024
Friends: 8. Sezon: Joey'nin Röportajı,;29.07.2024
Friends: 8. Sezon: Massapequa,;29.07.2024
Friends: 8. Sezon: Çay Yaprakları,;28.07.2024
Friends: 8. Sezon: Joey Rachel'a Söylüyor,;28.07.2024
Friends: 8. Sezon: Doğum Videosu,;28.07.2024
Friends: 8. Sezon: Gizli Kiler,;27.07.2024
Friends: 8. Sezon: Chandler Banyo Yapıyor,;27.07.2024
Friends: 8. Sezon: Joey Rachel ile Çıkıyor,;27.07.2024
Gossip Girl: 2. Sezon: Yaz Mükemmel Geçti,;27.07.2024
Friends: 8. Sezon: Ürkütücü Kartpostal,;26.07.2024
Friends: 8. Sezon: Monica'nın Çizmeleri,;26.07.2024
Friends: 8. Sezon: Dedikodu,;26.07.2024
Friends: 8. Sezon: Striptizci,;26.07.2024
Friends: 8. Sezon: Leke,;26.07.2024
Friends: 8. Sezon: Cadılar Bayramı Partisi,;26.07.2024
Friends: 8. Sezon: Rachel'ın Randevusu,;25.07.2024
Friends: 8. Sezon: Video,;24.07.2024
Friends: 8. Sezon: Rachel Gerçeği Açıklıyor,;24.07.2024
Friends: 8. Sezon: Kırmızı Kazak,;24.07.2024
Friends: 8. Sezon: Evet Dedikten Sonra,;24.07.2024
Friends: 7. Sezon: Chandler ve Monica'nın Düğünü: Kısım 2,;24.07.2024
Friends: 7. Sezon: Chandler ve Monica'nın Düğünü: Kısım 1,;24.07.2024
Friends: 7. Sezon: Chandler'ın Babası,;24.07.2024
Friends: 7. Sezon: Evlilik Yeminleri,;24.07.2024
Friends: 7. Sezon: Rachel'ın Tutku Dolu Öpücüğü,;24.07.2024
Friends: 7. Sezon: Monica'nın Kuzeni ve Ross,;24.07.2024
Friends: 7. Sezon: Joey'nin Ödülü,;24.07.2024
Friends: 7. Sezon: Ucuz Gelinlik,;23.07.2024
Friends: 7. Sezon: Londra Hakkındaki Gerçek,;23.07.2024
Friends: 7. Sezon: Joey'nin Yeni Beyni,;23.07.2024
Friends: 7. Sezon: 30. Doğum Günü Anıları,;23.07.2024
Friends: 7. Sezon: Rosita'nın Ölümü,;23.07.2024
Friends: 7. Sezon: Ekip Sabahlıyor,;22.07.2024
Friends: 7. Sezon: Peynirli Kekler,;22.07.2024
Friends: 7. Sezon: Bayram Armadillosu,;22.07.2024
Friends: 7. Sezon: Ev Yapımı Şekerler,;21.07.2024
Friends: 7. Sezon: Chandler'ın Köpek Korkusu,;21.07.2024
Friends: 7. Sezon: Ross'un Kütüphanedeki Kitabı,;21.07.2024
Friends: 7. Sezon: İdeal Uyku Partneri,;18.07.2024
Friends: 7. Sezon: Nişan Fotoğrafı,;16.07.2024
Friends: 7. Sezon: Rachel'ın Asistanı,;16.07.2024
Friends: 7. Sezon: Phoebe'nin Kurabiyeleri,;16.07.2024
Friends: 7. Sezon: Rachel'ın Okuduğu Kitap,;15.07.2024
Friends: 7. Sezon: Monica Gölgede Kalıyor,;15.07.2024
Friends: 6. Sezon: Evlenme Teklifi: Kısım 2,;13.07.2024
Friends: 6. Sezon: Evlenme Teklifi: Kısım 1,;13.07.2024
Friends: 6. Sezon: Nişan Yüzüğü,;13.07.2024
Friends: 6. Sezon: Adamın Dibisin Paul,;11.07.2024
Friends: 6. Sezon: Ross, Elizabeth'in Babasıyla Tanışıyor,;9.07.2024
Friends: 6. Sezon: Mak-arna ve P.E.Y.N.İ.R.,;9.07.2024
Friends: 6. Sezon: Joey'nin Buzdolabı,;9.07.2024
Friends: 6. Sezon: Ross Öğrencisiyle Çıkıyor,;5.07.2024
Friends: 6. Sezon: Unagi,;5.07.2024
Friends: 6. Sezon: Başka Bir Hayat: Kısım 2,;28.06.2024
Friends: 6. Sezon: Başka Bir Hayat: Kısım 1,;28.06.2024
Friends: 6. Sezon: Chandler Ağlayamıyor,;28.06.2024
Friends: 6. Sezon: Rachel'ın Kız Kardeşi,;28.06.2024
Friends: 6. Sezon: Fıkra,;26.06.2024
Friends: 6. Sezon: Eczacı Sehpası,;25.06.2024
Friends: 6. Sezon: Özel Dans,;25.06.2024
Friends: 6. Sezon: Ross Ot İçiyor,;25.06.2024
Friends: 6. Sezon: Ross'un Dişleri,;25.06.2024
Friends: 6. Sezon: Phoebe'nin Koşu Stili,;25.06.2024
Friends: 6. Sezon: Son Akşam,;25.06.2024
Friends: 6. Sezon: Joey'nin Porsche Arabası,;25.06.2024
Friends: 6. Sezon: Joey'nin Sağlık Sigortası,;24.06.2024
Friends: 6. Sezon: Ross, Rachel'a Sarılıyor,;24.06.2024
Friends: 6. Sezon: Vegas'tan Sonra,;23.06.2024
Friends: 5. Sezon: Vegas Gezisi: Kısım 2,;23.06.2024
Friends: 5. Sezon: Vegas Gezisi: Kısım 1,;22.06.2024
Friends: 5. Sezon: Joey'nin Büyük Çıkışı,;21.06.2024
Friends: 5. Sezon: Top Oyunu,;21.06.2024
Friends: 5. Sezon: Polis Arabasıyla Gezinti,;19.06.2024
Friends: 5. Sezon: Ross Flört Etmeyi Beceremiyor,;19.06.2024
Friends: 5. Sezon: Rachel Sigara İçmeye Başlıyor,;16.06.2024
Friends: 5. Sezon: Rachel Birini Yanlışlıkla Öpüyor,;15.06.2024
Friends: 5. Sezon: Polis Memuru Phoebe,;15.06.2024
Friends: 5. Sezon: Joey'yi Yumruklayan Kız,;15.06.2024
Friends: 5. Sezon: Herkes Gerçeği Öğreniyor,;15.06.2024
Friends: 5. Sezon: Joey'nin Çantası,;15.06.2024
Friends: 5. Sezon: Chandler'ın İş Kahkahası,;15.06.2024
Friends: 5. Sezon: Yeni Yıl Kararları,;15.06.2024
Friends: 5. Sezon: Uygunsuz Bir Yakınlık,;15.06.2024
Friends: 5. Sezon: Ross'un Sandviçi,;15.06.2024
Friends: 5. Sezon: Şükran Günü Anıları,;15.06.2024
Friends: 5. Sezon: Ross'un Yeni Yuvası,;13.06.2024
Friends: 5. Sezon: Yeni Komşu Yeti,;13.06.2024
Friends: 5. Sezon: Eski Dost Kip,;13.06.2024
Friends: 5. Sezon: Phoebe'nin PBS Nefreti,;13.06.2024
Friends: 5. Sezon: Yüzüncü Bölüm,;13.06.2024
Friends: 5. Sezon: Chandler'ın Öpüşme Serisi,;13.06.2024
Friends: 5. Sezon: Ross'un Büyük Gafı,;13.06.2024
Friends: 4. Sezon: Ross'un Düğünü: Kısım 2,;13.06.2024
Friends: 4. Sezon: Ross'un Düğünü: Kısım 1,;13.06.2024
Friends: 4. Sezon: Gelmiş Geçmiş En Kötü Sağdıç,;13.06.2024
Friends: 4. Sezon: Davetiye,;10.06.2024
Friends: 4. Sezon: Gelinlikler,;10.06.2024
Friends: 4. Sezon: Acele Bir Karar,;10.06.2024
Friends: 4. Sezon: Rachel'ın Yeni Elbisesi,;9.06.2024
Friends: 4. Sezon: Bedava Porno Kanalı,;8.06.2024
Friends: 4. Sezon: Sahte Parti,;8.06.2024
Friends: 4. Sezon: Ross Ragbi Oynuyor,;8.06.2024
Friends: 4. Sezon: Kokuşmuş Joey,;8.06.2024
Friends: 4. Sezon: Rachel'ın Aşkı,;8.06.2024
Friends: 4. Sezon: Embriyolar,;5.06.2024
Friends: 4. Sezon: Phoebe'nin Rahmi,;5.06.2024
Adventure Time: 2. Sezon: Güçlü Hayvan / Kristaller Güçlüdür,;5.06.2024
Friends: 4. Sezon: Poughkeepsie'de Oturan Kız,;4.06.2024
Friends: 4. Sezon: Erkekler Çılgınca Eğleniyor,;4.06.2024
Friends: 4. Sezon: Chandler'ın Kutu Cezası,;4.06.2024
Friends: 4. Sezon: Chandler Çizgiyi Aşıyor,;4.06.2024
Friends: 4. Sezon: Dağınık Kız,;3.06.2024
Friends: 4. Sezon: Joey'nin Yeni Sevgilisi,;1.06.2024
Friends: 4. Sezon: Balo Dansı,;1.06.2024
Friends: 4. Sezon: Kelepçe,;31.05.2024
Friends: 4. Sezon: Kedi,;31.05.2024
Friends: 4. Sezon: Denizanası,;31.05.2024
Friends: 3. Sezon: Sahil,;30.05.2024
Friends: 3. Sezon: Ultimate Fighting Şampiyonu,;30.05.2024
Friends: 3. Sezon: Ross'un Kalçası,;30.05.2024
Friends: 3. Sezon: Bağıran Adam,;29.05.2024
Friends: 3. Sezon: Civciv ve Ördek,;29.05.2024
Friends: 3. Sezon: Bebek Evi,;28.05.2024
Friends: 3. Sezon: Dar Tişört,;28.05.2024
Friends: 3. Sezon: Hipnoz Kaseti,;26.05.2024
Friends: 3. Sezon: Kayak Tatili,;26.05.2024
Friends: 3. Sezon: Ertesi Gün,;25.05.2024
Friends: 3. Sezon: Ross ve Rachel Ara Veriyor,;25.05.2024
Friends: 3. Sezon: Phoebe'nin Eski Partneri,;25.05.2024
Friends: 3. Sezon: Sadece Arkadaş,;25.05.2024
Friends: 3. Sezon: Kıskançlık Krizi,;25.05.2024
Friends: 3. Sezon: Hangi Kız Kardeşti?,;24.05.2024
Friends: 3. Sezon: Rachel İşi Bırakıyor,;24.05.2024
Black Mirror: 3. Sezon: Dibe Vuruş,;19.05.2024
Black Mirror: 6. Sezon: Joan İğrenç Biri,;19.05.2024
BoJack Horseman: 6. Sezon: Yarı Yoldaki Manzara,;15.05.2024
BoJack Horseman: 6. Sezon: Angela,;15.05.2024
BoJack Horseman: 6. Sezon: Boynuzlayan Tek Boynuzlu,;15.05.2024
BoJack Horseman: 6. Sezon: Fotokopinin Fotokopisi,;14.05.2024
BoJack Horseman: 6. Sezon: Batık Maliyet ve Niceleri,;13.05.2024
BoJack Horseman: 6. Sezon: İyi Hasar,;13.05.2024
BoJack Horseman: 6. Sezon: BoJack Horseman'la Orta Düzey Rol Çalışması,;13.05.2024
BoJack Horseman: 6. Sezon: O Yokken, Çabucak Bir Tane,;13.05.2024
BoJack Horseman: 6. Sezon: Depresyonun Yüzü,;13.05.2024
BoJack Horseman: 6. Sezon: Böbrek Konusu Kapanmıyor,;13.05.2024
BoJack Horseman: 6. Sezon: Birazcık Yamuk, Hepsi Bu,;11.05.2024
BoJack Horseman: 6. Sezon: Bir Sürpriz,;10.05.2024
BoJack Horseman: 6. Sezon: İyi Hissettiren Hikâye,;10.05.2024
BoJack Horseman: 6. Sezon: Yeni Müşteri,;9.05.2024
BoJack Horseman: 6. Sezon: Bir At Rehabilitasyona Gider,;9.05.2024
BoJack Horseman: 5. Sezon: Durdurulan Dizi,;9.05.2024
BoJack Horseman: 5. Sezon: Dizinin Kösteği,;7.05.2024
Adventure Time: 1. Sezon: Hırsızlar Şehri / Büyücünün Bahçesi,;7.05.2024
BoJack Horseman: 5. Sezon: Aklım Havada,;7.05.2024
BoJack Horseman: 5. Sezon: Her Şey Geçmişte Kaldı,;6.05.2024
BoJack Horseman: 5. Sezon: Mr. Peanutbutter'ın Kız Arkadaşları,;5.05.2024
BoJack Horseman: 5. Sezon: Denizaltının İçi,;4.05.2024
BoJack Horseman: 5. Sezon: Bedava Churro,;4.05.2024
BoJack Horseman: 5. Sezon: Amelia Earhart'ın Hikâyesi,;4.05.2024
BoJack Horseman: 5. Sezon: Feminist BoJack,;4.05.2024
BoJack Horseman: 5. Sezon: Planlı Eskitme,;4.05.2024
BoJack Horseman: 5. Sezon: Bir İlişkinin Ardından,;4.05.2024
BoJack Horseman: 5. Sezon: Ampul Sahnesi,;3.05.2024
BoJack Horseman: 4. Sezon: Şu Anda Saat Kaç,;3.05.2024
BoJack Horseman: 4. Sezon: Time's Arrow,;3.05.2024
BoJack Horseman: 4. Sezon: Kaliforniya Yaşam Tarzına Bayılıyorum!!,;3.05.2024
BoJack Horseman: 4. Sezon: Ruthie,;3.05.2024
BoJack Horseman: 4. Sezon: Yargıç,;3.05.2024
BoJack Horseman: 4. Sezon: Yeraltı,;2.05.2024
BoJack Horseman: 4. Sezon: Beş Para Etmez Pislik,;30.04.2024
BoJack Horseman: 4. Sezon: Düşünceler ve Dualar,;30.04.2024
BoJack Horseman: 4. Sezon: Hidrolik Kırılmayı Başlatın,;29.04.2024
BoJack Horseman: 4. Sezon: Yaşasın! Todd'lu Bölüm!,;29.04.2024
BoJack Horseman: 4. Sezon: Sugarman'ların Eski Evi,;28.04.2024
BoJack Horseman: 4. Sezon: Mr. Peanutbutter'ın Adaylığı,;28.04.2024
BoJack Horseman: 3. Sezon: Her Şey Yolunda,;28.04.2024
BoJack Horseman: 3. Sezon: Bu Kadarı da Fazla!,;28.04.2024
BoJack Horseman: 3. Sezon: Mesele Sensin,;27.04.2024
BoJack Horseman: 3. Sezon: Başıma Gelen En İyi Şey,;27.04.2024
BoJack Horseman: 3. Sezon: Eski Tanıdık,;26.04.2024
BoJack Horseman: 3. Sezon: Baskıyı Durdurun,;26.04.2024
BoJack Horseman: 3. Sezon: Brrap Brrap Pew Pew,;26.04.2024
BoJack Horseman: 3. Sezon: Aşk ve/veya Evlilik,;22.04.2024
BoJack Horseman: 3. Sezon: Sudan Çıkmış Balık,;22.04.2024
BoJack Horseman: 3. Sezon: Katil BoJack,;22.04.2024
BoJack Horseman: 3. Sezon: The BoJack Horseman Show,;22.04.2024
BoJack Horseman: 3. Sezon: Haberi Yayalım,;22.04.2024
BoJack Horseman: 2. Sezon: Denizde,;21.04.2024
BoJack Horseman: 2. Sezon: LA'den Kaçış,;19.04.2024
BoJack Horseman: 2. Sezon: Evet Ama,;17.04.2024
House, M.D.: 1. Sezon: Pilot Bölüm,;8.04.2024
BoJack Horseman: 2. Sezon: Çekim,;8.04.2024
BoJack Horseman: 2. Sezon: Hadi Öğrenelim,;2.04.2024
BoJack Horseman: 2. Sezon: Hank After Dark,;1.04.2024
BoJack Horseman: 2. Sezon: Sihirli Söz,;31.03.2024
BoJack Horseman: 2. Sezon: Tavuklar,;30.03.2024
BoJack Horseman: 2. Sezon: Parti Sonrası,;30.03.2024
BoJack Horseman: 2. Sezon: Kırık,;29.03.2024
BoJack Horseman: 2. Sezon: Geçmişten Gelen,;25.03.2024
Adventure Time: 1. Sezon: Büyücü / Tahliye,;23.03.2024
BoJack Horseman: 2. Sezon: Yepyeni Bir Kanepe,;22.03.2024
BoJack Horseman: 1. Sezon: Acelesi Yok,;19.03.2024
Adventure Time: 1. Sezon: En Sevdiğim İki Kişi / Bum Bum Dağı'ndaki Anılar,;15.03.2024
BoJack Horseman: 1. Sezon: Moral Bozucu Bir Son,;13.03.2024
BoJack Horseman: 1. Sezon: Tek Numara Bilen Midilli,;13.03.2024
BoJack Horseman: 1. Sezon: Acil Durum,;10.03.2024
BoJack Horseman: 1. Sezon: Teleskop,;10.03.2024
BoJack Horseman: 1. Sezon: Bir Şey Söyle,;8.03.2024
BoJack Horseman: 1. Sezon: Bizimkisi Bir 'D' Hikayesi,;8.03.2024
BoJack Horseman: 1. Sezon: Hızlı Yaşa Diane Nguyen,;6.03.2024
BoJack Horseman: 1. Sezon: Zoe'ler ve Zelda'lar,;6.03.2024
BoJack Horseman: 1. Sezon: Huysuz Kek,;6.03.2024
BoJack Horseman: 1. Sezon: BoJack Askerlerden Nefret Ediyor,;24.02.2024
BoJack Horseman: 1. Sezon: BoJack Horseman: BoJack Horseman'ın Hikayesi, Bölüm Bir,;23.02.2024
Sıkıysa Yakala,;2.02.2024
Suits: 1. Sezon: Pilot Bölüm 1 ve 2,;2.02.2024
Müstakbel Damat,;29.01.2024
Gossip Girl: 4. Sezon: Duygu Karmaşası,;22.12.2023
Gossip Girl: 4. Sezon: Sabotaj Planları,;22.12.2023
Gossip Girl: 4. Sezon: Çift Kişilikli,;20.12.2023
Ucuz Roman,;18.12.2023
Gossip Girl: 4. Sezon: Paris Tatili,;15.12.2023
Gossip Girl: 3. Sezon: Kalbi Kırık Chuck,;15.12.2023
Gossip Girl: 3. Sezon: Eski Eşler,;11.12.2023
Gossip Girl: 3. Sezon: Ait Olduğum Yer,;8.12.2023
Gossip Girl: 3. Sezon: Beklenmedik Durumlar,;8.12.2023
Gossip Girl: 3. Sezon: Geleneksel Evlilik Töreni,;7.12.2023
Gossip Girl: 3. Sezon: Sürpriz Parti,;6.12.2023
Gossip Girl: 3. Sezon: Defile,;6.12.2023
Gossip Girl: 3. Sezon: On Altılık Bakire,;5.12.2023
Gossip Girl: 3. Sezon: Gizemli Kadın,;5.12.2023
Gossip Girl: 3. Sezon: Jenny'nin Ceketi,;3.12.2023
Gossip Girl: 3. Sezon: Araba Kazası,;1.12.2023
Gossip Girl: 3. Sezon: Garip Akşam Yemeği,;1.12.2023
Gossip Girl: 3. Sezon: Özel Bir Konser,;30.11.2023
Gossip Girl: 3. Sezon: Asansör Hapsi,;28.11.2023
Gossip Girl: 3. Sezon: Büyükbaba: Bölüm 2,;23.11.2023
Gossip Girl: 3. Sezon: Açılış Gecesi,;22.11.2023
Gossip Girl: 3. Sezon: Poker Masası,;21.11.2023
Gossip Girl: 3. Sezon: Rufus'un Düğünü,;15.11.2023
Gossip Girl: 3. Sezon: Oda Arkadaşı,;13.11.2023
Gossip Girl: 3. Sezon: Kayıp Çocuk,;2.11.2023
Gossip Girl: 3. Sezon: Çömez,;30.10.2023
Gossip Girl: 3. Sezon: Yine Yeni Yeniden,;28.10.2023
Rick and Morty: 1. Sezon: Rick'siz Bir Şey Geliyor,;23.10.2023
Gossip Girl: 2. Sezon: Ayrılan Yollar,;20.10.2023
Gossip Girl: 2. Sezon: Balo Gecesi,;17.10.2023
Gossip Girl: 2. Sezon: Rekabetin Doruklarında,;11.10.2023
Gossip Girl: 2. Sezon: Güneyli Centilmenler Sarışın Sever,;11.10.2023
Gossip Girl: 2. Sezon: Gizli Anlaşma,;8.10.2023
Gossip Girl: 2. Sezon: Çıkarlar Uğruna,;30.09.2023
Gossip Girl: 2. Sezon: Büyükbaba,;28.09.2023
Gossip Girl: 2. Sezon: Karalama Kampanyası,;27.09.2023
Gossip Girl: 2. Sezon: Hafıza Sorunu,;27.09.2023
Gossip Girl: 2. Sezon: Yale'e Hoş Geldiniz!,;25.09.2023
Gossip Girl: 2. Sezon: Vasiyetname,;19.09.2023
Gossip Girl: 2. Sezon: Unutmaya Çalışmak,;18.09.2023
Gossip Girl: 2. Sezon: Yanlış Zaman,;16.09.2023
Gossip Girl: 2. Sezon: Mükemmel Bir Yalan,;15.09.2023
Gossip Girl: 2. Sezon: Gizli Geçmiş,;14.09.2023
Gossip Girl: 2. Sezon: Manhattan Sosyetesi,;8.09.2023
Gossip Girl: 2. Sezon: Kan Çıkabilir,;7.09.2023
Gossip Girl: 2. Sezon: Çekim Alanı,;6.09.2023
Seinfeld: 1. Sezon: Seinfeld,;5.09.2023
Gossip Girl: 2. Sezon: Chuck Gerçek Hayatta,;4.09.2023
Gossip Girl: 2. Sezon: Ödeşme,;27.08.2023
Gossip Girl: 2. Sezon: Serena'nın Yükselişi,;26.08.2023
Gossip Girl: 2. Sezon: Eski Dosyalar,;25.08.2023
Gossip Girl: 2. Sezon: Karanlık Gece,;25.08.2023
Gossip Girl: 2. Sezon: Mutluluk Sarhoşu,;23.08.2023
Gossip Girl: 1. Sezon: Yılın Düğünü,;17.08.2023
Gossip Girl: 1. Sezon: Sınırdaki Kadın,;11.08.2023
Gossip Girl: 1. Sezon: Erkek Kardeşim Hakkında Her Şey,;10.08.2023
Gossip Girl: 1. Sezon: Çaresiz Serena,;7.08.2023
Gossip Girl: 1. Sezon: Yeni Hayatlar,;5.08.2023
Gossip Girl: 1. Sezon: Dedikodular,;5.08.2023
Gossip Girl: 1. Sezon: Okul ve Yalanlar,;5.08.2023
Gossip Girl: 1. Sezon: Roma Tatili,;4.08.2023
Gossip Girl: 1. Sezon: Merhaba Millet,;1.08.2023
Gossip Girl: 1. Sezon: Şükran Günü,;30.07.2023
Gossip Girl: 1. Sezon: On Yedi Mum,;29.07.2023
Gossip Girl: 1. Sezon: Gizli Gerçekler,;28.07.2023
Gossip Girl: 1. Sezon: Hizmetçi Kızın Hikâyesi,;26.07.2023
Gossip Girl: 1. Sezon: Gözü Kara,;26.07.2023
Gossip Girl: 1. Sezon: Blair'ın Kötü Günü,;24.07.2023
Gossip Girl: 1. Sezon: Zehirli Sarmaşık,;22.07.2023
Gossip Girl: 1. Sezon: Azılı Düşmanla Yemek,;19.07.2023
Gossip Girl: 1. Sezon: Pilot Bölüm,;18.07.2023
The Witcher: 3. Sezon: Davetiye,;15.07.2023
The Witcher: 3. Sezon: Yeniden Buluşma,;14.07.2023
The Witcher: 3. Sezon: Ayrılma,;13.07.2023
The Witcher: 3. Sezon: Shaerrawedd,;11.07.2023
The Office: 3. Sezon: Mahkûm,;17.06.2023
Healer: Mini Dizi: Hoşça kal, Healer,;16.06.2023
Healer: Mini Dizi: 19. Bölüm,;16.06.2023
Healer: Mini Dizi: 18. Bölüm,;15.06.2023
Healer: Mini Dizi: 17. Bölüm,;15.06.2023
Healer: Mini Dizi: 16. Bölüm,;15.06.2023
Healer: Mini Dizi: 15. Bölüm,;14.06.2023
Healer: Mini Dizi: 14. Bölüm,;14.06.2023
Healer: Mini Dizi: 13. Bölüm,;13.06.2023
Healer: Mini Dizi: 12. Bölüm,;13.06.2023
Healer: Mini Dizi: 11. Bölüm,;13.06.2023
Healer: Mini Dizi: 10. Bölüm,;12.06.2023
Healer: Mini Dizi: 8. Bölüm,;11.06.2023
Healer: Mini Dizi: 7. Bölüm,;11.06.2023
Healer: Mini Dizi: 6. Bölüm,;9.06.2023
Healer: Mini Dizi: 2. Bölüm,;5.06.2023
Cloverfield Yolu No:10,;23.04.2023
Healer: Mini Dizi: 1. Bölüm,;20.04.2023
Küçük Kadınlar,;20.04.2023
Fi: 10. Bölüm,;20.04.2023
Fi: 9. Bölüm,;20.04.2023
Fi: 8. Bölüm,;20.04.2023
Fi: 7. Bölüm,;18.04.2023
Fi: 6. Bölüm,;17.04.2023
Fi: 5. Bölüm,;15.04.2023
Fi: 4. Bölüm,;14.04.2023
Fi: 3. Bölüm,;11.04.2023
Fi: 2. Bölüm,;6.04.2023
Fi: 1. Bölüm,;1.04.2023
Terminal,;16.03.2023
Kara Şövalye,;3.02.2023
Kefernahum,;1.02.2023
Wednesday: 1. Sezon: Dert Sürüsü,;21.01.2023
Wednesday: 1. Sezon: Henüz Bana Dertlenmediysen,;18.01.2023
Emily in Paris: 3. Sezon: Anlaşma,;12.01.2023
Emily in Paris: 3. Sezon: Havada Aşk Kokusu Var,;12.01.2023
Emily in Paris: 3. Sezon: Modanın Kurbanı,;11.01.2023
Emily in Paris: 3. Sezon: Bir Tasarımcı 10 Günde Nasıl Kaybedilir?,;11.01.2023
Emily in Paris: 3. Sezon: Eski Defterler,;10.01.2023
Emily in Paris: 3. Sezon: Ooo La La Liste,;9.01.2023
Emily in Paris: 3. Sezon: Paris'ten Canlı, Ben Emily Cooper,;9.01.2023
Emily in Paris: 3. Sezon: Güvercin Saldırısı,;9.01.2023
Emily in Paris: 3. Sezon: Ne Olacak...,;9.01.2023
Emily in Paris: 3. Sezon: İki Aşkım Var,;8.01.2023
Wednesday: 1. Sezon: İyiliğe Karşı Dert,;4.01.2023
Wednesday: 1. Sezon: Neye Dertlenirsen Onu Biçersin,;4.01.2023
Wednesday: 1. Sezon: Ne Dertli Bir Gece!,;3.01.2023
Wednesday: 1. Sezon: Dost mu, Dert mi?,;3.01.2023
Wednesday: 1. Sezon: Dert En Yalnız Sayıdır,;2.01.2023
Wednesday: 1. Sezon: Çarşamba Günü Doğanlar Dertli Olurlar,;2.01.2023
Alice in Borderland: 2. Sezon: 8. Bölüm,;2.01.2023
Alice in Borderland: 2. Sezon: 7. Bölüm,;1.01.2023
Alice in Borderland: 2. Sezon: 6. Bölüm,;1.01.2023
Alice in Borderland: 2. Sezon: 5. Bölüm,;1.01.2023
Alice in Borderland: 2. Sezon: 4. Bölüm,;1.01.2023
Alice in Borderland: 2. Sezon: 3. Bölüm,;1.01.2023
Alice in Borderland: 2. Sezon: 2. Bölüm,;29.12.2022
Alice in Borderland: 2. Sezon: 1. Bölüm,;29.12.2022
Alice in Borderland: 1. Sezon: 1. Bölüm,;29.12.2022
The Office: 2. Sezon: Kadınlar ve Erkekler,;27.12.2022
The Office: 2. Sezon: Halı,;27.12.2022
The Office: 2. Sezon: Sır,;27.12.2022
The Office: 2. Sezon: Yaralanma,;27.12.2022
The Office: 2. Sezon: İçkili Tekne Turu,;27.12.2022
The Office: 2. Sezon: Noel Partisi,;27.12.2022
The Office: 2. Sezon: E-posta Gözetlemesi,;27.12.2022
The Office: 2. Sezon: Performans Değerlendirmesi,;27.12.2022
The Office: 2. Sezon: Müşteri,;17.12.2022
Friends: 1. Sezon: Elektrik Kesintisi,;17.12.2022
The Office: 2. Sezon: Dövüş,;17.12.2022
The Office: 2. Sezon: Cadılar Bayramı,;17.12.2022
The Office: 2. Sezon: Yangın,;10.12.2022
The Office: 2. Sezon: Ofis Olimpiyatları,;4.12.2022
The Office: 2. Sezon: Cinsel Taciz,;2.12.2022
The Office: 2. Sezon: Dundie Ödülleri,;2.12.2022
The Office: Güzel Kadın,;30.11.2022
The Office: Basketbol,;27.11.2022
1 Kadın 1 Erkek: Bölüm 29,;22.11.2022
1 Kadın 1 Erkek: Bölüm 55,;22.11.2022
Bir Erkek 10 Günde Nasıl Kaybedilir?,;7.10.2022
The Crown: 1. Sezon: Wolferton Splash,;21.09.2022
Winx Efsanesi: Kader: 2. Sezon: Tüm Vahşi Cadılar,;18.09.2022
Winx Efsanesi: Kader: 2. Sezon: Zavallı Talihsiz Ruhlar,;18.09.2022
Winx Efsanesi: Kader: 2. Sezon: Sen İyi Bir Cadı mısın, Yoksa Kötü Bir Cadı mı?,;18.09.2022
Winx Efsanesi: Kader: 2. Sezon: Şeytan Cehenneme Düşmezden Bir Saat Önce,;18.09.2022
Winx Efsanesi: Kader: 2. Sezon: Yeni Elde Ettiğin Popülerliğin,;18.09.2022
Winx Efsanesi: Kader: 2. Sezon: Rüzgâra Kapılmış,;17.09.2022
Winx Efsanesi: Kader: 2. Sezon: Alçaktan Uçan Panik Atak,;17.09.2022
Kırık Kalpler İçin Astroloji Rehberi: 2. Sezon: Yay,;17.09.2022
İhtiras Rüzgarları,;17.09.2022
Sosyal İkilem,;11.09.2022
Friends: 1. Sezon: Kıç,;10.09.2022
Friends: 1. Sezon: Doğu Alman Çamaşır Deterjanı,;9.09.2022
Friends: 1. Sezon: George Stephanopoulos,;9.09.2022
The Office: İttifak,;8.09.2022
Gün Doğmadan,;7.09.2022
The Office: Sağlık Sigortası,;6.09.2022
The Office: Farklılık Günü,;6.09.2022
The Office: Pilot Bölüm,;6.09.2022
The Gray Man,;5.09.2022
Schindler'in Listesi,;2.09.2022
Friends: 1. Sezon: Başparmak,;1.09.2022
Friends: 1. Sezon: Sonogram,;1.09.2022
Friends: 1. Sezon: Monica Ev Arkadaşı Ediniyor (Pilot Bölüm),;1.09.2022
Meet Joe Black,;31.08.2022
Sosyal Ağ,;27.08.2022
Yıldızlararası,;25.08.2022
Kardeş Gibiydiler,;23.08.2022
Sex and the City,;19.08.2022
The Lobster,;16.08.2022
Benjamin Button’ın Tuhaf Hikayesi,;15.08.2022
Her Şeyin Teorisi,;14.08.2022
Özgürlük Yolu,;6.08.2022
Stranger Things: Stranger Things 4: 9. Bölüm: Kaçak Yolcu,;30.07.2022
Stranger Things: Stranger Things 4: 8. Bölüm: Baba,;28.07.2022
Stranger Things: Stranger Things 4: 7. Bölüm: Hawkins Laboratuvarında Katliam,;27.07.2022
Stranger Things: Stranger Things 4: 6. Bölüm: Derinlere Dalış,;26.07.2022
Stranger Things: Stranger Things 4: 5. Bölüm: Nina Projesi,;26.07.2022
Stranger Things: Stranger Things 4: 4. Bölüm: Sevgili Billy,;23.07.2022
Stranger Things: Stranger Things 4: 3. Bölüm: Canavar mı, Süper Kahraman mı?,;18.07.2022
Stranger Things: Stranger Things 4: 2. Bölüm: Vecna'nın Laneti,;17.07.2022
Stranger Things: Stranger Things 4: 1. Bölüm: Hellfire Kulübü,;15.07.2022
Stranger Things: Stranger Things 3: 8. Bölüm: Starcourt Savaşı,;14.07.2022
Stranger Things: Stranger Things 3: 7. Bölüm: Isırık,;14.07.2022
Stranger Things: Stranger Things 3: 6. Bölüm: Çokluktan Birliğe,;14.07.2022
Stranger Things: 2. Bölüm: Maple Sokağı'ndaki Ucube,;14.07.2022
Stranger Things: 1. Bölüm: Will Byers'ın Ortadan Kayboluşu,;14.07.2022
Stranger Things: Stranger Things 3: 5. Bölüm: Ordu,;13.07.2022
Stranger Things: Stranger Things 3: 4. Bölüm: Sauna Testi,;12.07.2022
Stranger Things: Stranger Things 3: 3. Bölüm: Kayıp Cankurtaran Vakası,;11.07.2022
Stranger Things: Stranger Things 3: 2. Bölüm: AVM Fareleri,;11.07.2022
Keşke Otuz Olsam,;10.07.2022
Stranger Things: Stranger Things 3: 1. Bölüm: Suzie, Duyuyor musun?,;9.07.2022
Stranger Things: Stranger Things 2: 8. Bölüm: Zihin Hırsızı,;8.07.2022
Stranger Things: Stranger Things 2: 7. Bölüm: Kayıp Kız Kardeş,;8.07.2022
Stranger Things: Stranger Things 2: 6. Bölüm: Casus,;8.07.2022
Stranger Things: Stranger Things 2: 5. Bölüm: Dig Dug,;8.07.2022
Stranger Things: Stranger Things 2: 4. Bölüm: Bilge Will,;8.07.2022
Stranger Things: Stranger Things 2: 3. Bölüm: İribaş,;7.07.2022
Stranger Things: Stranger Things 2: 2. Bölüm: Şeker mi Şaka mı Ucube?,;7.07.2022
Stranger Things: Stranger Things 2: 1. Bölüm: ÇILGIN MAX,;7.07.2022
Stranger Things: 8. Bölüm: Alt Üst,;3.07.2022
Stranger Things: 7. Bölüm: Küvet,;30.06.2022
Stranger Things: 6. Bölüm: Canavar,;29.06.2022
Stranger Things: 5. Bölüm: Pire ve Cambaz,;28.06.2022
Stranger Things: 4. Bölüm: Ceset,;27.06.2022
Stranger Things: 3. Bölüm: Mutlu Noeller,;27.06.2022
Chilling Adventures of Sabrina: 1. Kısım: No.1: Sonbahar Ülkesi,;25.06.2022
Scooby-Doo,;25.06.2022
Zamanda Aşk,;13.06.2022
İncir Reçeli,;12.06.2022
Business Proposal: Mini Dizi: 1. Bölüm,;8.06.2022
Pera Palas'ta Gece Yarısı: 1. Sezon: Zenberek,;24.05.2022
Pera Palas'ta Gece Yarısı: 1. Sezon: Yüzleşme,;20.05.2022
Pera Palas'ta Gece Yarısı: 1. Sezon: Hayat-ı Memat,;8.05.2022
The Sound of Magic: Mini Dizi: Sihre inanır mısın?,;7.05.2022
Pera Palas'ta Gece Yarısı: 1. Sezon: Men Dakka Dukka,;3.05.2022
Bridgerton: 2. Sezon: Hovarda,;29.04.2022
Vikingler: 1. Sezon: Ergenliğe Geçiş Töreni,;29.04.2022
Pera Palas'ta Gece Yarısı: 1. Sezon: Mefkud,;27.03.2022
Pera Palas'ta Gece Yarısı: 1. Sezon: Gizli,;16.03.2022
Pera Palas'ta Gece Yarısı: 1. Sezon: Kökler,;14.03.2022
The Legend of the Blue Sea: 1. Sezon: 1. Bölüm,;13.03.2022
Kaçak Gelinler: 1. Bölüm,;13.03.2022
Brand New Cherry Flavor: Mini Dizi: İribaşlı Smoothie,;13.03.2022
Pera Palas'ta Gece Yarısı: 1. Sezon: Yolculuk,;10.03.2022
Weightlifting Fairy Kim Bok Joo: Mini Dizi: 1. Bölüm,;19.02.2022
I'm not a robot: 1. Bölüm,;10.02.2022
Senden Önce Ben,;7.02.2022
Harry Potter ve Ölüm Yadigarları: Bölüm 2,;6.02.2022
Tinder Avcısı,;5.02.2022
Harry Potter ve Ölüm Yadigarları: Bölüm 1,;5.02.2022
Harry Potter ve Melez Prens,;3.02.2022
Harry Potter ve Zümrüdüanka Yoldaşlığı,;28.01.2022
Harry Potter ve Ateş Kadehi,;25.01.2022
Itaewon Class: 16. Bölüm,;24.01.2022
Itaewon Class: 15. Bölüm,;24.01.2022
Itaewon Class: 14. Bölüm,;24.01.2022
Itaewon Class: 13. Bölüm,;24.01.2022
Itaewon Class: 12. Bölüm,;24.01.2022
Itaewon Class: 11. Bölüm,;23.01.2022
Itaewon Class: 10. Bölüm,;23.01.2022
Harry Potter ve Azkaban Tutsağı,;22.01.2022
Itaewon Class: 9. Bölüm,;22.01.2022
Itaewon Class: 8. Bölüm,;21.01.2022
Itaewon Class: 7. Bölüm,;21.01.2022
Itaewon Class: 6. Bölüm,;21.01.2022
Itaewon Class: 5. Bölüm,;21.01.2022
Itaewon Class: 4. Bölüm,;21.01.2022
Itaewon Class: 3. Bölüm,;21.01.2022
Itaewon Class: 2. Bölüm,;21.01.2022
Itaewon Class: 1. Bölüm,;20.01.2022
Crash Landing on You: Mini Dizi: 16. Bölüm,;16.01.2022
Crash Landing on You: Mini Dizi: 15. Bölüm,;15.01.2022
Crash Landing on You: Mini Dizi: 14. Bölüm,;15.01.2022
Crash Landing on You: Mini Dizi: 13. Bölüm,;15.01.2022
Crash Landing on You: Mini Dizi: 12. Bölüm,;15.01.2022
Harry Potter ve Sırlar Odası,;14.01.2022
Crash Landing on You: Mini Dizi: 11. Bölüm,;13.01.2022
Crash Landing on You: Mini Dizi: 10. Bölüm,;13.01.2022
Crash Landing on You: Mini Dizi: 9. Bölüm,;12.01.2022
Crash Landing on You: Mini Dizi: 8. Bölüm,;12.01.2022
Crash Landing on You: Mini Dizi: 7. Bölüm,;12.01.2022
Crash Landing on You: Mini Dizi: 6. Bölüm,;12.01.2022
Crash Landing on You: Mini Dizi: 5. Bölüm,;12.01.2022
Crash Landing on You: Mini Dizi: 4. Bölüm,;12.01.2022
Crash Landing on You: Mini Dizi: 3. Bölüm,;12.01.2022
Crash Landing on You: Mini Dizi: 2. Bölüm,;11.01.2022
Crash Landing on You: Mini Dizi: 1. Bölüm,;11.01.2022
Single’s Inferno: 1. Sezon: 8. Bölüm,;11.01.2022
Single’s Inferno: 1. Sezon: 7. Bölüm,;11.01.2022
Single’s Inferno: 1. Sezon: 6. Bölüm,;10.01.2022
Single’s Inferno: 1. Sezon: 5. Bölüm,;10.01.2022
Single’s Inferno: 1. Sezon: 4. Bölüm,;10.01.2022
Single’s Inferno: 1. Sezon: 3. Bölüm,;10.01.2022
Single’s Inferno: 1. Sezon: 2. Bölüm,;10.01.2022
Single’s Inferno: 1. Sezon: 1. Bölüm,;10.01.2022
Bir Şans Daha,;9.01.2022
Örümcek-Adam: Eve Dönüş,;9.01.2022
Don't Look Up,;8.01.2022
Emily in Paris: 2. Sezon: Fransız Devrimi,;8.01.2022
Emily in Paris: 2. Sezon: Kokular ve Hisler,;7.01.2022
Emily in Paris: 2. Sezon: Şampanyanı Nasıl Patlatırsın?,;6.01.2022
Emily in Paris: 2. Sezon: Aşçı, Hırsız, Yok Sayılan Kız ve Sevgilisi,;5.01.2022
Emily in Paris: 2. Sezon: Bardağı Taşıran Son Damla,;5.01.2022
Emily in Paris: 2. Sezon: Paris'te Bir İngiliz,;5.01.2022
Emily in Paris: 2. Sezon: Unutulmayan Sevgili,;5.01.2022
Emily in Paris: 2. Sezon: Bon Anniversaire!,;5.01.2022
Emily in Paris: 2. Sezon: St. Tropez'de Tek Başına,;5.01.2022
Tatil,;1.01.2022
The Witcher: 2. Sezon: Aile,;31.12.2021
The Witcher: 2. Sezon: Voleth Meir,;30.12.2021
The Witcher: 2. Sezon: Sevgili Dostum...,;29.12.2021
The Witcher: 2. Sezon: Sırt Çevirmek,;29.12.2021
The Witcher: 2. Sezon: Redanyalı Casuslar,;28.12.2021
The Witcher: 2. Sezon: Kaybedilenler,;28.12.2021
The Witcher: 2. Sezon: Kaer Morhen,;28.12.2021
The Witcher: 2. Sezon: Ufak Bir Gerçeklik Payı,;28.12.2021
The Witcher: 1. Sezon: Çok Daha Fazlası,;28.12.2021
The Witcher: 1. Sezon: Düşüşten Önce,;27.12.2021
The Witcher: 1. Sezon: Nadir Türler,;27.12.2021
The Witcher: 1. Sezon: Bastırılmış İstekler,;27.12.2021
The Witcher: 1. Sezon: Şölenler, Piçler ve Cenazeler,;27.12.2021
Emily in Paris: 2. Sezon: Benimle Uyumak İster misin?,;26.12.2021
The Witcher: 1. Sezon: Hain Dolunay,;26.12.2021
The Witcher: 1. Sezon: Dört Altın,;26.12.2021
The Witcher: 1. Sezon: Sonun Başlangıcı,;26.12.2021
Örümcek-Adam: Örümcek Evreninde,;13.12.2021
Harry Potter ve Felsefe Taşı,;10.12.2021
Nevertheless,: Mini Dizi: Aşk Değil Bu, Biliyorum. Yine de,,;18.11.2021
Kırık Kalpler İçin Astroloji Rehberi: 1. Sezon: Başak,;18.11.2021
Kırık Kalpler İçin Astroloji Rehberi: 1. Sezon: Koç,;18.11.2021
Örümcek Adam 3,;13.11.2021
Örümcek-Adam 2,;11.11.2021
Hayat Güzeldir,;10.11.2021
Örümcek Adam,;10.11.2021
Esaretin Bedeli,;28.10.2021
 ,;28.10.2021
Batman Başlıyor,;27.10.2021
Aşk Engel Tanımaz,;26.10.2021
You: 1. Sezon: Pilot Bölüm,;26.10.2021
Dövüş Kulübü,;25.10.2021
My Name: 8. Bölüm,;25.10.2021
My Name: 7. Bölüm,;25.10.2021
My Name: 6. Bölüm,;25.10.2021
My Name: 5. Bölüm,;25.10.2021
My Name: 4. Bölüm,;24.10.2021
My Name: 3. Bölüm,;23.10.2021
My Name: 2. Bölüm,;23.10.2021
Squid Game: 1. Sezon: Şanslı Bir Gün,;22.10.2021
Squid Game: 1. Sezon: Gemi Aslanı,;20.10.2021
Squid Game: 1. Sezon: VIP'ler,;20.10.2021
Squid Game: 1. Sezon: Kanka,;16.10.2021
Squid Game: 1. Sezon: Adil Bir Dünya,;11.10.2021
Squid Game: 1. Sezon: Takıma Sadık Kal,;10.10.2021
Squid Game: 1. Sezon: Şemsiyeli Adam,;10.10.2021
Squid Game: 1. Sezon: Cehennem,;10.10.2021
Squid Game: 1. Sezon: Kırmızı Işık, Yeşil Işık,;9.10.2021
Sex Education: 3. Sezon: 1. Bölüm,;20.09.2021
Bohemian Rhapsody,;19.09.2021
Gilmore Girls: 1. Sezon: Pilot Bölüm,;19.09.2021
Çizgili Pijamalı Çocuk,;14.09.2021
SIR,;12.09.2021
Alacakaranlık Efsanesi: Şafak Vakti Bölüm 2,;11.09.2021
Alacakaranlık Efsanesi: Şafak Vakti Bölüm 1,;11.09.2021
Alacakaranlık Efsanesi Tutulma,;8.09.2021
Alacakaranlık Efsanesi Yeni Ay,;7.09.2021
Alacakaranlık,;7.09.2021
Nevertheless,: Mini Dizi: Çoktan Başladı. Yine de,,;7.09.2021
Nevertheless,: Mini Dizi: Mesele Yalnızca Ben Değilim. Yine de,,;6.09.2021
Nevertheless,: Mini Dizi: Kader Diye Bir Şey Yoktur. Yine de,,;1.09.2021
HOMECOMING: A film by Beyoncé,;27.08.2021
Bize Çıkan Yollar: Dash,;24.08.2021
Outer Banks: 1. Sezon: Pilot Bölüm,;20.08.2021
Kuroko'nun Basketbolu: 2. Sezon: 26. Bölüm,;18.08.2021
It's Okay to Not Be Okay: Gerçek Yüzün Arayışı,;22.07.2021
It's Okay to Not Be Okay: İki Erkek Kardeşin Hikâyesi,;20.07.2021
It's Okay to Not Be Okay: El, Keler Balığı,;19.07.2021
Young Royals: 1. Sezon: 6. Bölüm,;18.07.2021
Young Royals: 1. Sezon: 5. Bölüm,;18.07.2021
Young Royals: 1. Sezon: 4. Bölüm,;18.07.2021
Young Royals: 1. Sezon: 3. Bölüm,;18.07.2021
Young Royals: 1. Sezon: 2. Bölüm,;17.07.2021
Young Royals: 1. Sezon: 1. Bölüm,;17.07.2021
It's Okay to Not Be Okay: İki Kız Kardeşin Babası,;17.07.2021
It's Okay to Not Be Okay: Romeo ve Juliet,;12.07.2021
It's Okay to Not Be Okay: Çirkin Ördek Yavrusu,;9.07.2021
It's Okay to Not Be Okay: Yalancı Çoban,;5.07.2021
It's Okay to Not Be Okay: Midas'ın Kulakları,;5.07.2021
It's Okay to Not Be Okay: Güzel ve Çirkin,;4.07.2021
It's Okay to Not Be Okay: Bahar Köpeği,;4.07.2021
It's Okay to Not Be Okay: Mavi Sakal'ın Sırrı,;3.07.2021
It's Okay to Not Be Okay: Rapunzel ve Lanetli Şato,;2.07.2021
It's Okay to Not Be Okay: Zombi Çocuk,;1.07.2021
It's Okay to Not Be Okay: Uyuyan Cadı,;1.07.2021
It's Okay to Not Be Okay: Kırmızı Ayakkabılı Kadın,;30.06.2021
It's Okay to Not Be Okay: Kâbuslardan Beslenen Çocuk,;30.06.2021
Élite: 4. Sezon: Yeni Düzen,;27.06.2021
Love, Death & Robots: 2. Cilt: Otomatik Müşteri Hizmeti,;20.05.2021
Brokeback Dağı,;16.05.2021
Not Defteri,;12.05.2021
Friends: 3. Sezon: Futbol Maçı,;11.05.2021
Friends: 3. Sezon: Devasa Dürtme Aleti,;11.05.2021
Friends: 3. Sezon: Yarış Arabalı Yatak,;11.05.2021
Friends: 3. Sezon: Geçmişe Dönüş,;11.05.2021
Friends: 3. Sezon: Frank Jr,;10.05.2021
Friends: 3. Sezon: Metaforik Tünel,;10.05.2021
Friends: 3. Sezon: Reçel,;10.05.2021
Friends: 3. Sezon: Zamanla Yarış,;9.05.2021
Friends: 3. Sezon: Prenses Leia Fantezisi,;9.05.2021
Friends: 2. Sezon: Barry ve Mindy'nin Düğünü,;8.05.2021
Friends: 2. Sezon: Suçiçeği,;8.05.2021
Friends: 2. Sezon: İki Parti,;8.05.2021
Friends: 2. Sezon: Zorbalar,;7.05.2021
Friends: 2. Sezon: Dostum Yeller'ın Ölümü,;7.05.2021
Friends: 2. Sezon: Ev Krizi,;7.05.2021
Aşk ve Gurur,;6.05.2021
Friends: 2. Sezon: Dr. Ramoray'in Ölümü,;6.05.2021
Deadly Class: Birimiz Hepimiz, Hepimiz Birimiz İçin,;6.05.2021
Deadly Class: Kara Deliğin Çocukları,;6.05.2021
Deadly Class: Tecrit,;5.05.2021
Deadly Class: Zorlukları Aşmak,;5.05.2021
Deadly Class: Tehlikeli Sır,;5.05.2021
Deadly Class: Asit Kralı,;5.05.2021
Deadly Class: Aynadaki İnsanlar,;5.05.2021
Deadly Class: Acımasız Rekabet,;5.05.2021
Deadly Class: Kuru Gürültü,;5.05.2021
Deadly Class: Reagan Gençliği,;5.05.2021
Friends: 2. Sezon: Chandler'ın Yeni Ev Arkadaşı,;5.05.2021
Navillera: 12. Bölüm,;5.05.2021
Navillera: 11. Bölüm,;5.05.2021
Navillera: 10. Bölüm,;5.05.2021
Navillera: 9. Bölüm,;5.05.2021
Navillera: 8. Bölüm,;4.05.2021
Navillera: 7. Bölüm,;4.05.2021
Navillera: 6. Bölüm,;4.05.2021
Navillera: 5. Bölüm,;4.05.2021
Navillera: 4. Bölüm,;4.05.2021
Navillera: 3. Bölüm,;4.05.2021
Navillera: 2. Bölüm,;4.05.2021
Navillera: 1. Bölüm,;4.05.2021
Friends: 2. Sezon: Joey Evden Taşınıyor,;4.05.2021
Friends: 2. Sezon: Sonunda Ross ve Rachel...,;3.05.2021
Friends: 2. Sezon: Mezuniyet Balosu Videosu,;3.05.2021
Friends: 2. Sezon: Super Bowl'dan Sonra: Kısım 2,;3.05.2021
Friends: 2. Sezon: Super Bowl'dan Sonra: Kısım 1,;3.05.2021
Friends: 2. Sezon: Lezbiyen Çiftin Düğünü,;3.05.2021
Friends: 2. Sezon: Russ,;2.05.2021
Unbelievable: Mini Dizi: 8. Bölüm,;1.05.2021
Unbelievable: Mini Dizi: 7. Bölüm,;1.05.2021
Unbelievable: Mini Dizi: 6. Bölüm,;1.05.2021
Unbelievable: Mini Dizi: 5. Bölüm,;1.05.2021
Unbelievable: Mini Dizi: 4. Bölüm,;1.05.2021
Unbelievable: Mini Dizi: 3. Bölüm,;1.05.2021
Unbelievable: Mini Dizi: 2. Bölüm,;1.05.2021
Unbelievable: Mini Dizi: 1. Bölüm,;1.05.2021
Friends: 2. Sezon: Phoebe'nin Babası,;1.05.2021
Friends: 2. Sezon: Liste,;1.05.2021
Friends: 2. Sezon: İlanıaşk,;30.04.2021
Friends: 2. Sezon: Otobüsteki Bebek,;30.04.2021
Tempted: 1. Sezon: 16. Bölüm,;30.04.2021
Tempted: 1. Sezon: 15. Bölüm,;29.04.2021
Tempted: 1. Sezon: 14. Bölüm,;29.04.2021
Tempted: 1. Sezon: 13. Bölüm,;29.04.2021
Tempted: 1. Sezon: 12. Bölüm,;29.04.2021
Tempted: 1. Sezon: 11. Bölüm,;29.04.2021
Tempted: 1. Sezon: 10. Bölüm,;29.04.2021
Tempted: 1. Sezon: 9. Bölüm,;29.04.2021
Tempted: 1. Sezon: 8. Bölüm,;29.04.2021
Tempted: 1. Sezon: 7. Bölüm,;29.04.2021
Tempted: 1. Sezon: 6. Bölüm,;29.04.2021
Tempted: 1. Sezon: 5. Bölüm,;29.04.2021
Tempted: 1. Sezon: 4. Bölüm,;29.04.2021
Tempted: 1. Sezon: 3. Bölüm,;29.04.2021
Tempted: 1. Sezon: 2. Bölüm,;29.04.2021
Tempted: 1. Sezon: 1. Bölüm,;29.04.2021
Friends: 2. Sezon: Beş Biftek, Bir Patlıcan,;29.04.2021
Friends: 2. Sezon: Phoebe'nin Eşi,;29.04.2021
Friends: 2. Sezon: Heckles'ın Ölümü,;29.04.2021
Friends: 2. Sezon: Anne Sütü,;29.04.2021
Friends: 2. Sezon: Ross'un Yeni Sevgilisi,;28.04.2021
Friends: 1. Sezon: Rachel Gerçeği Öğreniyor,;27.04.2021
Friends: 1. Sezon: Doğum,;27.04.2021
Friends: 1. Sezon: Berbat Bir Durum,;26.04.2021
Friends: 1. Sezon: Sahte Monica,;26.04.2021
Friends: 1. Sezon: Alçak Ortodontist,;26.04.2021
Friends: 1. Sezon: Maymun Firarda,;26.04.2021
Friends: 1. Sezon: Poker,;26.04.2021
Friends: 1. Sezon: İki Kısımlı Hikâye: Kısım 2,;26.04.2021
Friends: 1. Sezon: İki Kısımlı Hikâye: Kısım 1,;26.04.2021
Bir Katilin İfadeleri: Ted Bundy: Mini Dizi: Yan Bundy, Yan!,;26.04.2021
Bir Katilin İfadeleri: Ted Bundy: Mini Dizi: Ona Göz Kulak Olma Sırası Bende Değil,;25.04.2021
Bir Katilin İfadeleri: Ted Bundy: Mini Dizi: Bizden Biri,;25.04.2021
Friends: 1. Sezon: Adamın Kafası Güzel,;25.04.2021
Bir Katilin İfadeleri: Ted Bundy: Mini Dizi: Yakışıklı Şeytan,;24.04.2021
Friends: 1. Sezon: Şeker Kalpler,;24.04.2021
Friends: 1. Sezon: Memeler,;23.04.2021
Friends: 1. Sezon: Bir Düzine Lazanya,;22.04.2021
Friends: 1. Sezon: Bayan Bing,;21.04.2021
Friends: 1. Sezon: Maymun,;21.04.2021
Friends: 1. Sezon: Underdog Kaçıyor,;20.04.2021
Friends: 1. Sezon: Büyükanne İki Kez Ölüyor,;20.04.2021
Delidolu 2,;19.04.2021
Arkadaştan Öte,;15.04.2021
Kedilere Bulaşmayın: İnternette Katil Avı: Mini Dizi: Ağ Daralıyor,;8.04.2021
Kedilere Bulaşmayın: İnternette Katil Avı: Mini Dizi: Tıklanma İçin Öldürmek,;8.04.2021
Kedilere Bulaşmayın: İnternette Katil Avı: Mini Dizi: Kedi ve Fare,;7.04.2021
Snowpiercer: 2. Sezon: İki Lokomotif Zamanı,;6.04.2021
Snowpiercer: 1. Sezon: 994 Vagon Uzunluğunda,;5.04.2021
Snowpiercer: 1. Sezon: Tren Kan İstedi,;5.04.2021
Snowpiercer: 1. Sezon: Bunlar Onun Devrimleri,;5.04.2021
Snowpiercer: 1. Sezon: Evren Kayıtsızdır,;5.04.2021
Snowpiercer: 1. Sezon: Belanın Nereden Geleceği Belli Olmaz,;5.04.2021
Snowpiercer: 1. Sezon: Adalet Bu Trene Adımını Atmadı,;5.04.2021
Snowpiercer: 1. Sezon: Yaratıcılarının Yokluğunda,;5.04.2021
Snowpiercer: 1. Sezon: Erişim, Güç Demek,;3.04.2021
Snowpiercer: 1. Sezon: Önce İklimler Değişti,;3.04.2021
Kötü Kızlar,;2.04.2021
Sing On! İspanya: Yaz Partisi,;31.03.2021
Moxie,;31.03.2021
Who Killed Sara?: 1. Sezon: İki Mezar,;31.03.2021
Who Killed Sara?: 1. Sezon: Dünya Yanarken,;31.03.2021
Who Killed Sara?: 1. Sezon: Hayaller Gerçeğe Dönüştüğünde,;31.03.2021
Who Killed Sara?: 1. Sezon: Korku ve Pişmanlık,;31.03.2021
Who Killed Sara?: 1. Sezon: Av ve Avcı,;31.03.2021
Who Killed Sara?: 1. Sezon: Hayat Sigortası,;31.03.2021
Who Killed Sara?: 1. Sezon: Ailedeki Canavar,;30.03.2021
Who Killed Sara?: 1. Sezon: Sevgiler, Sara,;30.03.2021
Who Killed Sara?: 1. Sezon: Kötü İnsanlar,;30.03.2021
Who Killed Sara?: 1. Sezon: Bu Bir Hata Değildi,;30.03.2021
Üç Adım Uzakta,;27.03.2021
Ginny & Georgia: 1. Sezon: Jordyn ve Kylie'den Beri En Kötü İhanet,;27.03.2021
Ginny & Georgia: 1. Sezon: Duygular Zordur,;26.03.2021
Ginny & Georgia: 1. Sezon: Birini İşaretleyin, Diğerini İşaretleyin,;26.03.2021
Ginny & Georgia: 1. Sezon: Mutlu Yıllar Pislik,;26.03.2021
Ginny & Georgia: 1. Sezon: Duygusalım,;26.03.2021
Ginny & Georgia: 1. Sezon: Böö, Sürtük,;26.03.2021
Ginny & Georgia: 1. Sezon: Lydia Bennet Tam Bir Feminist,;26.03.2021
Ginny & Georgia: 1. Sezon: Üst Düzey Zengin Saçmalığı,;26.03.2021
Ginny & Georgia: 1. Sezon: Bu Bir Yüz, Maske Değil,;26.03.2021
Ginny & Georgia: 1. Sezon: Pilot Bölüm,;26.03.2021
Dream Big: Engineering Our World,;22.03.2021
Kağıttan Hayatlar,;22.03.2021
Love Alarm: 2. Sezon: 2. Bölüm,;12.03.2021
Love Alarm: 2. Sezon: 1. Bölüm,;12.03.2021
The Bride of Habaek: 16. Bölüm,;8.03.2021
The Bride of Habaek: 15. Bölüm,;8.03.2021
The Bride of Habaek: 14. Bölüm,;8.03.2021
The Bride of Habaek: 13. Bölüm,;8.03.2021
The Bride of Habaek: 12. Bölüm,;8.03.2021
The Bride of Habaek: 11. Bölüm,;8.03.2021
The Bride of Habaek: 10. Bölüm,;8.03.2021
The Bride of Habaek: 9. Bölüm,;8.03.2021
The Bride of Habaek: Bölüm 8,;7.03.2021
The Bride of Habaek: 7. Bölüm,;7.03.2021
The Bride of Habaek: 6. Bölüm,;7.03.2021
The Bride of Habaek: 5. Bölüm,;7.03.2021
The Bride of Habaek: 4. Bölüm,;7.03.2021
The Bride of Habaek: 3. Bölüm,;6.03.2021
The Bride of Habaek: 2. Bölüm,;6.03.2021
The Bride of Habaek: 1. Bölüm,;6.03.2021
Lovestruck in the City: Kış, Gece Yarısı, Seul,;28.02.2021
Lovestruck in the City: Sence Aşk Nedir?,;28.02.2021
Lovestruck in the City: Doğruyu Söylemek Çok Zor,;28.02.2021
Lovestruck in the City: O Nasıl Bir Kadın?,;27.02.2021
Lovestruck in the City: İçtikten Sonra Hiç Sızdın mı?,;27.02.2021
Lovestruck in the City: Bu Şekilde Yoon Seon-a Oldum,;27.02.2021
Lovestruck in the City: Ayrılmanın Uygun Bir Yolu Var mı?,;27.02.2021
Lovestruck in the City: Lee Eun-o? Lee Eun-o!,;27.02.2021
Lovestruck in the City: Eski Sevgiline Rastlasan Ne Yapardın?,;27.02.2021
Lovestruck in the City: Deli Olmak Aşkın Doğasında Var,;27.02.2021
Lovestruck in the City: Onu Unutacağım! Çöpe Atacağım!,;27.02.2021
Lovestruck in the City: Birisi Kameramı Çalmış!,;26.02.2021
Lovestruck in the City: Ayrıldıktan Sonra Hatırası Olan Eşyaları;
Lovestruck in the City: Yüzüğü Ne Yaptı?,;26.02.2021
Lovestruck in the City: Beni Delirtti!,;26.02.2021
Lovestruck in the City: İlk Seksi Nasıl Başlatıyorsun?,;26.02.2021
Lovestruck in the City: Lovestruck in the City,;26.02.2021
The King: Eternal Monarch: 16. Bölüm,;25.02.2021
The King: Eternal Monarch: 15. Bölüm,;25.02.2021
The King: Eternal Monarch: 14. Bölüm,;24.02.2021
The King: Eternal Monarch: 13. Bölüm,;24.02.2021
The King: Eternal Monarch: 12. Bölüm,;24.02.2021
The King: Eternal Monarch: 11. Bölüm,;24.02.2021
The King: Eternal Monarch: 10. Bölüm,;24.02.2021
The King: Eternal Monarch: 9. Bölüm,;24.02.2021
The King: Eternal Monarch: 8. Bölüm,;24.02.2021
The King: Eternal Monarch: 7. Bölüm,;24.02.2021
The King: Eternal Monarch: 6. Bölüm,;24.02.2021
The King: Eternal Monarch: 5. Bölüm,;23.02.2021
The King: Eternal Monarch: 4. Bölüm,;23.02.2021
The King: Eternal Monarch: 3. Bölüm,;23.02.2021
The King: Eternal Monarch: 2. Bölüm,;23.02.2021
The King: Eternal Monarch: 1. Bölüm,;23.02.2021
The Legend of the Blue Sea: 1. Sezon: 20. Bölüm,;20.02.2021
The Legend of the Blue Sea: 1. Sezon: 19. Bölüm,;20.02.2021
The Legend of the Blue Sea: 1. Sezon: 18. Bölüm,;20.02.2021
The Legend of the Blue Sea: 1. Sezon: 17. Bölüm,;20.02.2021
The Legend of the Blue Sea: 1. Sezon: 16. Bölüm,;20.02.2021
The Legend of the Blue Sea: 1. Sezon: 15. Bölüm,;20.02.2021
The Legend of the Blue Sea: 1. Sezon: 14. Bölüm,;19.02.2021
The Legend of the Blue Sea: 1. Sezon: 13. Bölüm,;19.02.2021
The Legend of the Blue Sea: 1. Sezon: 12. Bölüm,;19.02.2021
The Legend of the Blue Sea: 1. Sezon: 11. Bölüm,;19.02.2021
The Legend of the Blue Sea: 1. Sezon: 10. Bölüm,;19.02.2021
The Legend of the Blue Sea: 1. Sezon: 9. Bölüm,;19.02.2021
The Legend of the Blue Sea: 1. Sezon: 8. Bölüm,;19.02.2021
The Legend of the Blue Sea: 1. Sezon: 7. Bölüm,;18.02.2021
The Legend of the Blue Sea: 1. Sezon: 6. Bölüm,;18.02.2021
The Legend of the Blue Sea: 1. Sezon: 5. Bölüm,;18.02.2021
The Legend of the Blue Sea: 1. Sezon: 4. Bölüm,;18.02.2021
The Legend of the Blue Sea: 1. Sezon: 3. Bölüm,;18.02.2021
The Legend of the Blue Sea: 1. Sezon: 2. Bölüm,;18.02.2021
Kuroko'nun Basketbolu: 1. Sezon: 25. Bölüm,;8.02.2021
Kuroko'nun Basketbolu: 1. Sezon: 24. Bölüm,;8.02.2021
Kuroko'nun Basketbolu: 1. Sezon: 23. Bölüm,;7.02.2021
Kuroko'nun Basketbolu: 1. Sezon: Tüyo,;7.02.2021
Kuroko'nun Basketbolu: 1. Sezon: 22. Bölüm,;7.02.2021
Kuroko'nun Basketbolu: 1. Sezon: 21. Bölüm,;7.02.2021
Kuroko'nun Basketbolu: 1. Sezon: 20. Bölüm,;7.02.2021
Kuroko'nun Basketbolu: 1. Sezon: 19. Bölüm,;6.02.2021
Kuroko'nun Basketbolu: 1. Sezon: 18. Bölüm,;6.02.2021
Kuroko'nun Basketbolu: 1. Sezon: 17. Bölüm,;6.02.2021
Kuroko'nun Basketbolu: 1. Sezon: 16. Bölüm,;6.02.2021
Kuroko'nun Basketbolu: 1. Sezon: 15. Bölüm,;6.02.2021
Kuroko'nun Basketbolu: 1. Sezon: 14. Bölüm,;6.02.2021
Kuroko'nun Basketbolu: 1. Sezon: 13. Bölüm,;6.02.2021
Kuroko'nun Basketbolu: 1. Sezon: 12. Bölüm,;6.02.2021
Kuroko'nun Basketbolu: 1. Sezon: 11. Bölüm,;6.02.2021
Kuroko'nun Basketbolu: 1. Sezon: 10. Bölüm,;6.02.2021
Kuroko'nun Basketbolu: 1. Sezon: 9. Bölüm,;6.02.2021
Kuroko'nun Basketbolu: 1. Sezon: 8. Bölüm,;6.02.2021
Kuroko'nun Basketbolu: 1. Sezon: 7. Bölüm,;5.02.2021
Kuroko'nun Basketbolu: 1. Sezon: 6. Bölüm,;5.02.2021
Kuroko'nun Basketbolu: 1. Sezon: 5. Bölüm,;5.02.2021
Kuroko'nun Basketbolu: 1. Sezon: 4. Bölüm,;5.02.2021
Kuroko'nun Basketbolu: 1. Sezon: 3. Bölüm,;5.02.2021
Kuroko'nun Basketbolu: 1. Sezon: 2. Bölüm,;5.02.2021
Kuroko'nun Basketbolu: 1. Sezon: 1. Bölüm,;1.02.2021
Michael Jackson's This Is It,;29.01.2021
Başlangıç,;26.01.2021
 ,;26.01.2021
Winx Efsanesi: Kader: 1. Sezon: Bağnaz Bir Yürek,;23.01.2021
Winx Efsanesi: Kader: 1. Sezon: Gerçeğin İçinde Kaybolmak,;23.01.2021
Winx Efsanesi: Kader: 1. Sezon: Mahvolmuş Bir Melek,;22.01.2021
Winx Efsanesi: Kader: 1. Sezon: Fanilerin Usandıran Umutları,;22.01.2021
Winx Efsanesi: Kader: 1. Sezon: Burada Yabancı Yok,;22.01.2021
Winx Efsanesi: Kader: 1. Sezon: Bu Sulara, Yabanıllığa,;22.01.2021
Emily in Paris: 1. Sezon: Defile İptali,;22.01.2021
Emily in Paris: 1. Sezon: Paris'te Bir Amerikan Müzayedesi,;22.01.2021
Emily in Paris: 1. Sezon: Aile Meselesi,;21.01.2021
Emily in Paris: 1. Sezon: Fransız Finali,;21.01.2021
Emily in Paris: 1. Sezon: Zevksiz,;21.01.2021
Emily in Paris: 1. Sezon: Sahte Arkadaşlar,;21.01.2021
Emily in Paris: 1. Sezon: Sadece Bir Öpücük,;20.01.2021
Emily in Paris: 1. Sezon: Seksi mi, Cinsiyetçi mi?,;20.01.2021
Emily in Paris: 1. Sezon: Maskulen Feminen,;20.01.2021
Emily in Paris: 1. Sezon: Emily Paris'te,;20.01.2021
Bridgerton: 1. Sezon: Yağmurun Ardından,;19.01.2021
Bridgerton: 1. Sezon: Ayrı Dünyalar,;19.01.2021
Bridgerton: 1. Sezon: Hışırtı,;19.01.2021
Bridgerton: 1. Sezon: Yüreğe Söz Geçmiyor,;18.01.2021
Bridgerton: 1. Sezon: Namus Meselesi,;18.01.2021
Bridgerton: 1. Sezon: Ayılıp Bayılma Sanatı,;18.01.2021
Bridgerton: 1. Sezon: Şok ve Haz,;18.01.2021
Bridgerton: 1. Sezon: Birinci Sınıf Elmas,;18.01.2021
Arınma Gecesi: Anarşi,;13.01.2021
Chilling Adventures of Sabrina: 4. Kısım: No. 36: Cinnet Dağı'nda,;11.01.2021
Chilling Adventures of Sabrina: 4. Kısım: No. 35: Ebedî Olan,;9.01.2021
Chilling Adventures of Sabrina: 4. Kısım: No. 34: Geri Dönen,;9.01.2021
Chilling Adventures of Sabrina: 4. Kısım: No. 33: Deus Ex Machina,;8.01.2021
Chilling Adventures of Sabrina: 4. Kısım: No. 32: Sapkınlık İblisi,;6.01.2021
Chilling Adventures of Sabrina: 4. Kısım: No. 31: Tuhaf Olan,;6.01.2021
Chilling Adventures of Sabrina: 4. Kısım: No. 30: Davetsiz Misafir,;5.01.2021
Chilling Adventures of Sabrina: 4. Kısım: No. 29: Büyülü Karanlık,;31.12.2020
Sweet Home: 1. Sezon: 2. Bölüm,;31.12.2020
Sweet Home: 1. Sezon: 1. Bölüm,;31.12.2020
Alice in Borderland: 1. Sezon: 8. Bölüm,;29.12.2020
Alice in Borderland: 1. Sezon: 7. Bölüm,;29.12.2020
Alice in Borderland: 1. Sezon: 6. Bölüm,;29.12.2020
Alice in Borderland: 1. Sezon: 5. Bölüm,;28.12.2020
Alice in Borderland: 1. Sezon: 4. Bölüm,;28.12.2020
Alice in Borderland: 1. Sezon: 3. Bölüm,;28.12.2020
Alice in Borderland: 1. Sezon: 2. Bölüm,;28.12.2020
Yeşil Rehber,;23.12.2020
Modern Family: Pilot Bölüm,;21.12.2020
Extraordinary You: 13. Bölüm,;3.12.2020
Extraordinary You: 12. Bölüm,;2.12.2020
Extraordinary You: 11. Bölüm,;2.12.2020
Extraordinary You: 10. Bölüm,;2.12.2020
Extraordinary You: 9. Bölüm,;1.12.2020
Extraordinary You: 8. Bölüm,;1.12.2020
Extraordinary You: 7. Bölüm,;1.12.2020
Extraordinary You: 6. Bölüm,;1.12.2020
Extraordinary You: 5. Bölüm,;30.11.2020
Extraordinary You: 4. Bölüm,;30.11.2020
Extraordinary You: 3. Bölüm,;30.11.2020
Extraordinary You: 2. Bölüm,;29.11.2020
Extraordinary You: 1. Bölüm,;28.11.2020
The Queen's Gambit: Mini Dizi: Oyun Sonu,;28.11.2020
The Queen's Gambit: Mini Dizi: Erteleme Maçı,;28.11.2020
The Queen's Gambit: Mini Dizi: Çatal,;27.11.2020
The Queen's Gambit: Mini Dizi: Oyun Ortası,;27.11.2020
The Queen's Gambit: Mini Dizi: Duble Piyonlar,;27.11.2020
The Queen's Gambit: Mini Dizi: Değişimler,;26.11.2020
The Queen's Gambit: Mini Dizi: Açılışlar,;26.11.2020
PK,;25.11.2020
Dorohedoro: 13. Bölüm (Orijinal Video Animasyonları),;24.11.2020
Forrest Gump,;22.11.2020
Dorohedoro: 12. Bölüm,;19.11.2020
Dorohedoro: 11. Bölüm,;19.11.2020
Dorohedoro: 10. Bölüm,;18.11.2020
Dorohedoro: 9. Bölüm,;18.11.2020
Dorohedoro: 8. Bölüm,;17.11.2020
Dorohedoro: 7. Bölüm,;16.11.2020
Dorohedoro: 6. Bölüm,;16.11.2020
Dorohedoro: 5. Bölüm,;15.11.2020
Dorohedoro: 4. Bölüm,;5.11.2020
BLACKPINK: Light Up the Sky,;4.11.2020
Love Alarm: 1. Sezon: Bir, Dünyadaki Tüm Rakamlardan Daha Büyüktür,;4.11.2020
Love Alarm: 1. Sezon: Hep Sakladığım ve Yalnız Sana Söyleyebileceğim Bir Şey,;4.11.2020
Love Alarm: 1. Sezon: Artık Kalbin Güvende,;4.11.2020
Love Alarm: 1. Sezon: Birini Sevmenin Ağırlığı,;4.11.2020
Love Alarm: 1. Sezon: Dünyadaki En Güzel His Yanımda Birinin Olduğunu Bilmektir,;3.11.2020
Love Alarm: 1. Sezon: İki İnsanın Birbirini Sevmesi Bir Mucizedir,;3.11.2020
Love Alarm: 1. Sezon: Birini Sevdiğinizde Kimse Bir Şey Yapamaz,;3.11.2020
Love Alarm: 1. Sezon: Gök Gürlemesinden Önce Çakan Şimşek,;3.11.2020
Dorohedoro: 3. Bölüm,;3.11.2020
Dorohedoro: 2. Bölüm,;2.11.2020
Dorohedoro: 1. Bölüm,;2.11.2020
My Secret Romance: 14. Bölüm,;1.11.2020
My Secret Romance: 13. Bölüm,;1.11.2020
My Secret Romance: 12. Bölüm,;1.11.2020
My Secret Romance: 11. Bölüm,;1.11.2020
My Secret Romance: 10. Bölüm,;1.11.2020
My Secret Romance: 9. Bölüm,;1.11.2020
My Secret Romance: 8. Bölüm,;31.10.2020
My Secret Romance: 7. Bölüm,;31.10.2020
My Secret Romance: 6. Bölüm,;31.10.2020
My Secret Romance: 5. Bölüm,;31.10.2020
My Secret Romance: 4. Bölüm,;31.10.2020
My Secret Romance: 3. Bölüm,;31.10.2020
My Secret Romance: 2. Bölüm,;31.10.2020
My Secret Romance: 1. Bölüm,;31.10.2020
 ,;3.08.2020
W – Two Worlds Apart: 16. Bölüm,;12.07.2020
W – Two Worlds Apart: 15. Bölüm,;12.07.2020
W – Two Worlds Apart: 14. Bölüm,;10.07.2020
W – Two Worlds Apart: 13. Bölüm,;10.07.2020
W – Two Worlds Apart: 12. Bölüm,;9.07.2020
W – Two Worlds Apart: 11. Bölüm,;9.07.2020
W – Two Worlds Apart: 10. Bölüm,;9.07.2020
W – Two Worlds Apart: 9. Bölüm,;9.07.2020
W – Two Worlds Apart: 8. Bölüm,;9.07.2020
W – Two Worlds Apart: 7. Bölüm,;9.07.2020
W – Two Worlds Apart: 6. Bölüm,;8.07.2020
W – Two Worlds Apart: 5. Bölüm,;8.07.2020
W – Two Worlds Apart: 4. Bölüm,;8.07.2020
W – Two Worlds Apart: 3. Bölüm,;8.07.2020
W – Two Worlds Apart: 2. Bölüm,;6.07.2020
W – Two Worlds Apart: 1. Bölüm,;5.07.2020
Dark: 1. Sezon: Sırlar,;29.06.2020
That '70s Show: 7. Sezon: Sürpriz, Sürpriz,;27.06.2020
Too Hot to Handle: 1. Sezon: Aşk, Seks ya da Para,;7.06.2020
Dünya Savaşı Z,;3.05.2020
Prison Break: 5. Sezon: Gözlerin Ardındakiler,;1.05.2020
Prison Break: 5. Sezon: Çocuklar,;1.05.2020
Prison Break: 5. Sezon: Kopkoyu Deniz,;30.04.2020
Prison Break: 5. Sezon: Phaecia,;30.04.2020
Prison Break: 5. Sezon: Yeni Plan,;30.04.2020
Prison Break: 5. Sezon: Mahkumun İkilemi,;30.04.2020
Prison Break: 5. Sezon: Yalancı,;29.04.2020
Prison Break: 5. Sezon: Kaniel Outis,;28.04.2020
Prison Break: 5. Sezon: Ogygia,;28.04.2020
After Life: 2. Sezon: 1. Bölüm,;26.04.2020
Prison Break: 4. Sezon: Cezayı Tamamlamak,;26.04.2020
Prison Break: 4. Sezon: Takas,;26.04.2020
Prison Break: 4. Sezon: Kovboylar ve Hintliler,;26.04.2020
Prison Break: 4. Sezon: Toplantı,;26.04.2020
Prison Break: 4. Sezon: Karşı Karşıya,;25.04.2020
Prison Break: 4. Sezon: Ana Damar,;25.04.2020
Prison Break: 4. Sezon: Güneşli Eyalet,;25.04.2020
Prison Break: 4. Sezon: Ameliyat,;24.04.2020
Prison Break: 4. Sezon: İş İcabı,;24.04.2020
Prison Break: 4. Sezon: Anlaşma,;24.04.2020
Prison Break: 4. Sezon: İhanet,;24.04.2020
Prison Break: 4. Sezon: Lejant,;22.04.2020
Prison Break: 4. Sezon: Büyük Aşama,;22.04.2020
The Last Dance: Mini Dizi: Bölüm 1,;22.04.2020
Prison Break: 4. Sezon: Fiyat,;21.04.2020
Prison Break: 4. Sezon: Beşinci Kart,;20.04.2020
Prison Break: 4. Sezon: Hezimet,;20.04.2020
That '70s Show: 7. Sezon: İstediğini Her Zaman Elde Edemezsin,;20.04.2020
Prison Break: 4. Sezon: Kasa,;19.04.2020
Prison Break: 4. Sezon: Kartallar ve Melekler,;19.04.2020
Prison Break: 4. Sezon: İptal,;19.04.2020
Prison Break: 4. Sezon: Haneye Tecavüz,;19.04.2020
That '70s Show: 7. Sezon: Angie,;19.04.2020
Aşk Baharı Beklemez,;19.04.2020
Prison Break: 4. Sezon: Scylla,;18.04.2020
Prison Break: 3. Sezon: Pazarlık Sanatı,;18.04.2020
That '70s Show: 7. Sezon: Annelerin Küçük Yardımcısı,;18.04.2020
Prison Break: 3. Sezon: İki Eli Kanda,;18.04.2020
Prison Break: 3. Sezon: Aşağı ve Dışarı,;18.04.2020
Prison Break: 3. Sezon: Kara Toprak,;17.04.2020
Prison Break: 3. Sezon: Kafes,;17.04.2020
Prison Break: 3. Sezon: Vur ve Yak,;17.04.2020
Prison Break: 3. Sezon: Hadi,;16.04.2020
Prison Break: 3. Sezon: Fotoğraf,;16.04.2020
That '70s Show: 7. Sezon: Dağıt Bu Mekanı,;16.04.2020
Prison Break: 3. Sezon: Bozuk Sinyal,;15.04.2020
Prison Break: 3. Sezon: Tel,;15.04.2020
That '70s Show: 7. Sezon: Bu Sadece Rock 'n' Roll,;15.04.2020
Prison Break: 3. Sezon: Çağrı Bekletme,;14.04.2020
That '70s Show: 7. Sezon: Yük Hayvanı,;14.04.2020
That '70s Show: 7. Sezon: (Hiç) Tatmin Olamıyorum,;14.04.2020
Prison Break: 3. Sezon: Ateş ve Su,;13.04.2020
Prison Break: 3. Sezon: Oryantasyon,;13.04.2020
Prison Break: 2. Sezon: Sona,;12.04.2020
Prison Break: 2. Sezon: Fin del Camino,;12.04.2020
Prison Break: 2. Sezon: Panama,;11.04.2020
Prison Break: 2. Sezon: Tatlı Caroline,;11.04.2020
Prison Break: 2. Sezon: Temizlik,;11.04.2020
That '70s Show: 7. Sezon: Geceyi Beraber Geçirelim,;11.04.2020
Prison Break: 2. Sezon: Kötü Kan,;10.04.2020
Prison Break: 2. Sezon: Chicago,;10.04.2020
That '70s Show: 7. Sezon: Zaman Benden Yana,;10.04.2020
Élite: 3. Sezon: Polo,;10.04.2020
Élite: 3. Sezon: Nadia ve Omar,;10.04.2020
Élite: 3. Sezon: Rebeka,;10.04.2020
Élite: 3. Sezon: Ander,;9.04.2020
Élite: 3. Sezon: Lu,;9.04.2020
Prison Break: 2. Sezon: Mesaj,;9.04.2020
Élite: 3. Sezon: Cayetana ve Valerio,;9.04.2020
Élite: 3. Sezon: Samuel ve Guzmán,;9.04.2020
Élite: 3. Sezon: Carla,;9.04.2020
Élite: 2. Sezon: 0 Saattir Kayıp,;9.04.2020
Élite: 2. Sezon: 84 Saattir Kayıp,;8.04.2020
Prison Break: 2. Sezon: Kimliği Belirsiz Adam,;8.04.2020
Prison Break: 2. Sezon: Ölüm Kutusu,;8.04.2020
Prison Break: 2. Sezon: Fişi Çek,;8.04.2020
Prison Break: 2. Sezon: Bolshoi Booze,;8.04.2020
Prison Break: 2. Sezon: Randevu,;8.04.2020
Prison Break: 2. Sezon: Açığa Çıkanlar,;8.04.2020
Élite: 2. Sezon: 66 Saattir Kayıp,;8.04.2020
Élite: 2. Sezon: 63 Saattir Kayıp,;8.04.2020
Élite: 2. Sezon: 59 Saattir Kayıp,;8.04.2020
Élite: 2. Sezon: 36 Saattir Kayıp,;8.04.2020
Élite: 2. Sezon: 34 Saattir Kayıp,;8.04.2020
Élite: 2. Sezon: 20 Saattir Kayıp,;7.04.2020
That '70s Show: 6. Sezon: Arayıcı,;7.04.2020
Élite: 1. Sezon: Assilah,;6.04.2020
Élite: 1. Sezon: Her Şey Altüst Olur,;6.04.2020
Prison Break: 2. Sezon: Tuzak,;6.04.2020
Prison Break: 2. Sezon: Gömü,;6.04.2020
Élite: 1. Sezon: Her Şey Yoluna Girecek,;6.04.2020
Élite: 1. Sezon: Herkes Yalan Söyler,;6.04.2020
Élite: 1. Sezon: Aşk Bir Uyuşturucudur,;6.04.2020
Élite: 1. Sezon: Cumartesi Gecesi,;6.04.2020
Élite: 1. Sezon: Arzu,;6.04.2020
Élite: 1. Sezon: Hoş Geldiniz,;6.04.2020
Prison Break: 2. Sezon: Parsel,;5.04.2020
Prison Break: 2. Sezon: Harita 1213,;5.04.2020
Prison Break: 2. Sezon: İlk Fire,;4.04.2020
Prison Break: 2. Sezon: Ara,;4.04.2020
Prison Break: 2. Sezon: Otis,;4.04.2020
Prison Break: 2. Sezon: İnsan Avı,;3.04.2020
Prison Break: 1. Sezon: Uçuş,;2.04.2020
Prison Break: 1. Sezon: Gidelim,;2.04.2020
That '70s Show: 6. Sezon: Mobil Yaşam,;2.04.2020
Prison Break: 1. Sezon: Bu Gece,;1.04.2020
Prison Break: 1. Sezon: Anahtar,;1.04.2020
Prison Break: 1. Sezon: Blöf,;1.04.2020
Prison Break: 1. Sezon: J-Cat,;31.03.2020
Prison Break: 1. Sezon: Kardeşimin Koruyucusu,;31.03.2020
Prison Break: 1. Sezon: Yeni Bir Yol,;31.03.2020
Prison Break: 1. Sezon: Fare,;30.03.2020
Prison Break: 1. Sezon: Tünelin Ucu,;30.03.2020
Prison Break: 1. Sezon: Bir Kişi Fazla,;30.03.2020
Prison Break: 1. Sezon: El Becerisi,;30.03.2020
American Vandal: 1. Sezon: Somut Gerçekler: Vandalizm ve Müstehcenlik,;30.03.2020
That '70s Show: 6. Sezon: Benim Karım,;30.03.2020
That '70s Show: 6. Sezon: Kıvılcımlar,;30.03.2020
Prison Break: 1. Sezon: Tweener,;29.03.2020
Prison Break: 1. Sezon: Westmoreland,;29.03.2020
That '70s Show: 6. Sezon: 5:15,;29.03.2020
Prison Break: 1. Sezon: İsyanlar, Delikler ve Şeytan: Kısım 2,;28.03.2020
Prison Break: 1. Sezon: İsyanlar, Delikler ve Şeytan: Kısım 1,;28.03.2020
Prison Break: 1. Sezon: English, Fitz veya Percy,;28.03.2020
Prison Break: 1. Sezon: Tatlı Zehir,;28.03.2020
Prison Break: 1. Sezon: Test,;28.03.2020
That '70s Show: 6. Sezon: Akordiyon,;28.03.2020
That '70s Show: 6. Sezon: Yedek,;28.03.2020
Prison Break: 1. Sezon: Allen,;27.03.2020
Prison Break: 1. Sezon: Pilot Bölüm,;27.03.2020
That '70s Show: 6. Sezon: Sence Bu İyi mi?,;27.03.2020
That '70s Show: 6. Sezon: Mutlu Jack,;26.03.2020
That '70s Show: 6. Sezon: Paralı Adam,;25.03.2020
That '70s Show: 6. Sezon: Sen Kimsin,;25.03.2020
That '70s Show: 6. Sezon: Bebeğim Sakın Yapma,;25.03.2020
That '70s Show: 6. Sezon: Bir Daha Kanmayacağım,;24.03.2020
That '70s Show: 6. Sezon: Sally Simpson,;24.03.2020
That '70s Show: 6. Sezon: Çok Uzakları Görebiliyorum,;24.03.2020
That '70s Show: 6. Sezon: Yasal Bir Konu,;24.03.2020
That '70s Show: 6. Sezon: Genç Erkek Bunalımı,;23.03.2020
That '70s Show: 6. Sezon: Ben Bir Çocuğum,;23.03.2020
That '70s Show: 6. Sezon: Noel,;23.03.2020
That '70s Show: 6. Sezon: Buna Katlanmayacağız,;23.03.2020
That '70s Show: 6. Sezon: Ben Özgürüm,;23.03.2020
That '70s Show: 6. Sezon: Asit Kraliçesi,;23.03.2020
That '70s Show: 6. Sezon: Sihirli Otobüs,;23.03.2020
That '70s Show: 6. Sezon: Birleşin,;22.03.2020
That '70s Show: 6. Sezon: Çocuklar Fena Değil,;22.03.2020
That '70s Show: 5. Sezon: Kutlama Günü,;21.03.2020
That '70s Show: 5. Sezon: Göçmen Şarkısı,;21.03.2020
That '70s Show: 5. Sezon: Bu Yalnız Benim Suçum,;21.03.2020
That '70s Show: 5. Sezon: Beni Çok Şaşırttın,;21.03.2020
That '70s Show: 5. Sezon: Ayaklar Altına Alınmış,;21.03.2020
That '70s Show: 5. Sezon: Acımak Yok,;21.03.2020
That '70s Show: 5. Sezon: Onu Eve Getir,;20.03.2020
That '70s Show: 5. Sezon: Hey, Hey Ben Ne Yapabilirim?,;20.03.2020
That '70s Show: 5. Sezon: Evermore Savaşı,;20.03.2020
That '70s Show: 5. Sezon: Çok Fazla Aşk,;20.03.2020
That '70s Show: 5. Sezon: Eric ve Donna Evcilik Oynuyor,;20.03.2020
That '70s Show: 5. Sezon: Bebeğim Seni Terk Edeceğim,;20.03.2020
That '70s Show: 5. Sezon: Senin Zamanın Gelecek,;20.03.2020
That '70s Show: 5. Sezon: Sisli Dağın Dansı,;20.03.2020
Isn't It Romantic,;19.03.2020
That '70s Show: 5. Sezon: Sevdiğim Kız,;19.03.2020
That '70s Show: 5. Sezon: Sınav Sonuçları,;19.03.2020
That '70s Show: 5. Sezon: Siyah Köpek,;18.03.2020
That '70s Show: 5. Sezon: Teşekkürler,;18.03.2020
That '70s Show: 5. Sezon: Kitty'nin Köpeği,;18.03.2020
That '70s Show: 5. Sezon: Tepelerin Ardında ve Çok Uzaklarda,;18.03.2020
That '70s Show: 5. Sezon: Erkek Yüzüğü,;17.03.2020
That '70s Show: 5. Sezon: Gönül Avcısı,;17.03.2020
That '70s Show: 5. Sezon: Olan Şey ve Olmaması Gereken Şey,;17.03.2020
That '70s Show: 5. Sezon: Ben Seni Bırakamam Bebeğim,;17.03.2020
That '70s Show: 5. Sezon: Kaliforniya'ya Yolculuk,;17.03.2020
That '70s Show: 4. Sezon: Wisconsin Usulü Aşk,;17.03.2020
That '70s Show: 4. Sezon: Herkes Casey'yi Sever,;17.03.2020
That '70s Show: 4. Sezon: Eric'in Yanlış Alarmı,;17.03.2020
That '70s Show: 4. Sezon: 70'ler Müzikali,;17.03.2020
That '70s Show: 4. Sezon: Hyde'ın Doğum Günü,;16.03.2020
That '70s Show: 4. Sezon: Eric'in Corvette Macerası,;16.03.2020
That '70s Show: 4. Sezon: Eşek Şakası Günü,;16.03.2020
That '70s Show: 4. Sezon: Sınıf Fotoğrafı,;16.03.2020
That '70s Show: 4. Sezon: Jackie'nin Peynirli Kaçamağı,;16.03.2020
That '70s Show: 4. Sezon: Leo Kitty'yi Seviyor,;16.03.2020
That '70s Show: 4. Sezon: Kelso'nun Kariyeri,;16.03.2020
That '70s Show: 4. Sezon: Donna Bir Kelso'yla Çıkıyor,;16.03.2020
That '70s Show: 4. Sezon: Tornado Balosu,;15.03.2020
Uğur Böceği,;15.03.2020
That '70s Show: 4. Sezon: Eric'in Seksi Kuzini,;15.03.2020
That '70s Show: 4. Sezon: Peynirci Jackie,;15.03.2020
That '70s Show: 4. Sezon: Eric Forman Usulü Bir Noel,;15.03.2020
That '70s Show: 4. Sezon: Fazlalık,;15.03.2020
That '70s Show: 4. Sezon: Red ve Stacey,;15.03.2020
That '70s Show: 4. Sezon: Unutulan Oğul,;15.03.2020
That '70s Show: 4. Sezon: Donna'nın Hikayesi,;14.03.2020
That '70s Show: 4. Sezon: Baloda İşler Karışıyor,;14.03.2020
That '70s Show: 4. Sezon: Tekerrür,;14.03.2020
That '70s Show: 4. Sezon: Bodrum Katına Elveda,;14.03.2020
That '70s Show: 4. Sezon: Hyde Kız Tavlıyor,;14.03.2020
That '70s Show: 4. Sezon: Pinciotti Forman'a Karşı,;14.03.2020
That '70s Show: 4. Sezon: Eric Depresyonda,;13.03.2020
That '70s Show: 4. Sezon: Şahane Hayat,;13.03.2020
That '70s Show: 3. Sezon: Söz Yüzüğü,;13.03.2020
That '70s Show: 3. Sezon: Sahne Arkasına Geçiş,;12.03.2020
That '70s Show: 3. Sezon: Kanada Gezisi,;12.03.2020
That '70s Show: 3. Sezon: Eric Sarhoşken Dövme Yaptırıyor,;12.03.2020
That '70s Show: 3. Sezon: Fez Donna'yla Çıkıyor,;12.03.2020
That '70s Show: 3. Sezon: Aman Tanrım, Yine mi!?,;12.03.2020
That '70s Show: 3. Sezon: Eric Yaramazlık Peşinde,;12.03.2020
That '70s Show: 3. Sezon: Kelso'nun Sınavı,;12.03.2020
That '70s Show: 3. Sezon: Kitty'nin Doğum Günü (Bugün müydü?!),;12.03.2020
That '70s Show: 3. Sezon: Romantik Hafta Sonu,;12.03.2020
That '70s Show: 3. Sezon: Donna'nın Külodu,;12.03.2020
That '70s Show: 3. Sezon: Radyo Dalgası,;12.03.2020
That '70s Show: 3. Sezon: Yiyip Kaçmak,;11.03.2020
That '70s Show: 3. Sezon: Fez Kız Tavlıyor,;11.03.2020
That '70s Show: 3. Sezon: Kim Daha Çok İstekli?,;11.03.2020
That '70s Show: 3. Sezon: Buz Kulübesi,;11.03.2020
That '70s Show: 3. Sezon: Hyde'ın Noel Partisi,;11.03.2020
That '70s Show: 3. Sezon: Jackie Hyde'ı Tavlıyor,;10.03.2020
That '70s Show: 3. Sezon: Bebek Delisi,;10.03.2020
That '70s Show: 3. Sezon: Eric'in Külotları,;9.03.2020
That '70s Show: 3. Sezon: Patenli Disko,;9.03.2020
That '70s Show: 3. Sezon: Tuhaf Bir Cadılar Bayramı,;8.03.2020
That '70s Show: 3. Sezon: Hyde'ın Babası,;8.03.2020
That '70s Show: 3. Sezon: Red'in Gözü Dönüyor,;8.03.2020
That '70s Show: 3. Sezon: Ot Çılgınlığı,;6.03.2020
That '70s Show: 2. Sezon: Açık Saçık Bir Poz,;6.03.2020
That '70s Show: 2. Sezon: Kızların Kavgası,;6.03.2020
That '70s Show: 2. Sezon: Red Sinirden Köpürüyor,;6.03.2020
That '70s Show: 2. Sezon: Aman Tanrım!,;6.03.2020
That '70s Show: 2. Sezon: Jackie Hayatına Devam Ediyor,;6.03.2020
That '70s Show: 2. Sezon: Kelso'nun Serenadı,;6.03.2020
That '70s Show: 2. Sezon: Ölüm Öpücüğü,;5.03.2020
That '70s Show: 2. Sezon: Ebeveynler Durumu Öğreniyor,;5.03.2020
That '70s Show: 2. Sezon: Kitty ve Eric'in Gecesi,;4.03.2020
That '70s Show: 2. Sezon: Kızarıklık,;4.03.2020
That '70s Show: 2. Sezon: İlk Defa,;4.03.2020
That '70s Show: 2. Sezon: Evde Yangın Çıkıyor,;2.03.2020
That '70s Show: 2. Sezon: Red'in Yeni İşi,;2.03.2020
That '70s Show: 2. Sezon: Geyik Avı,;2.03.2020
That '70s Show: 2. Sezon: Eric'in Zulası,;2.03.2020
That '70s Show: 2. Sezon: Laurie Evden Taşınıyor,;1.03.2020
That '70s Show: 2. Sezon: Red'in Doğum Günü,;28.02.2020
That '70s Show: 2. Sezon: Eric Okuldan Uzaklaştırılıyor,;27.02.2020
That '70s Show: 2. Sezon: Yatılı Misafir,;26.02.2020
That '70s Show: 2. Sezon: Seni Seviyorum Diyebilmek,;26.02.2020
That '70s Show: 2. Sezon: Vanstock,;26.02.2020
That '70s Show: 2. Sezon: Cadılar Bayramı,;25.02.2020
That '70s Show: 2. Sezon: Laurie ve Profesör,;25.02.2020
That '70s Show: 2. Sezon: Kadife Halat,;25.02.2020
That '70s Show: 2. Sezon: Red'in Son Günü,;25.02.2020
That '70s Show: 2. Sezon: Garaj Satışı,;25.02.2020
That '70s Show: İyi Evlat,;24.02.2020
That '70s Show: Hyde Taşınıyor,;24.02.2020
That '70s Show: Büyükannenin Ölümü,;24.02.2020
That '70s Show: Punkçı Kız,;23.02.2020
That '70s Show: Su Kulesi,;23.02.2020
That '70s Show: Yeni Bir Umut,;23.02.2020
That '70s Show: Balo Gecesi,;22.02.2020
That '70s Show: Kariyer Günü,;22.02.2020
That '70s Show: Doğum Kontrol Hapı,;22.02.2020
That '70s Show: İlk Randevu,;21.02.2020
That '70s Show: Güreş Maçı,;21.02.2020
That '70s Show: Çalıntı Araba,;21.02.2020
That '70s Show: Kayak Gezisi,;20.02.2020
That '70s Show: Gelmiş Geçmiş En İyi Noel,;20.02.2020
That '70s Show: Eric'in Kankası,;20.02.2020
That '70s Show: Kanlı Pazar,;19.02.2020
That '70s Show: Şükran Günü,;18.02.2020
That '70s Show: Açık Hava Sineması,;18.02.2020
That '70s Show: Eric Hamburgercide Çalışıyor,;18.02.2020
That '70s Show: Seksistlerin Savaşı,;14.02.2020
That '70s Show: Çıplak Protesto,;14.02.2020
The Originals: 5. Sezon: Yanlış Bir Karar,;13.02.2020
That '70s Show: Eric'in Doğum Günü,;12.02.2020
Yedi,;8.02.2020
That '70s Show: Pilot Bölüm,;6.02.2020
Rick and Morty: 1. Sezon: Rick'miş Dakika,;5.02.2020
Rick and Morty: 1. Sezon: Aşk İksiri,;5.02.2020
Miss Americana,;4.02.2020
Chilling Adventures of Sabrina: 3. Kısım: No. 28: Sabrina Efsanesi,;2.02.2020
Chilling Adventures of Sabrina: 3. Kısım: No. 27: İhanet Öpücüğü,;1.02.2020
Chilling Adventures of Sabrina: 3. Kısım: No. 26: Hepiniz Cadısınız,;31.01.2020
Chilling Adventures of Sabrina: 3. Kısım: No. 25: İçinde Şeytan Var,;31.01.2020
Chilling Adventures of Sabrina: 3. Kısım: No. 23: Tacın Ağırlığı,;31.01.2020
Chilling Adventures of Sabrina: 3. Kısım: No. 24: Tavşan Ayı,;31.01.2020
Chilling Adventures of Sabrina: 3. Kısım: No. 22: Beni Cehenneme Götür,;30.01.2020
Chilling Adventures of Sabrina: 3. Kısım: No. 21: Cehenneme Bağlı Gönül,;30.01.2020
Chilling Adventures of Sabrina: 2. Kısım: No. 20: Şeytanla Vals,;29.01.2020
Chilling Adventures of Sabrina: 2. Kısım: No. 19: Adamotu,;29.01.2020
Chilling Adventures of Sabrina: 2. Kısım: No. 18: Sabrina Spellman'ın Mucizeleri,;29.01.2020
Chilling Adventures of Sabrina: 2. Kısım: No. 17: Misyonerler,;28.01.2020
Chilling Adventures of Sabrina: 2. Kısım: No. 16: Blackwood,;28.01.2020
Chilling Adventures of Sabrina: 2. Kısım: No. 15: Doktor Cerberus'un Korku Evi,;28.01.2020
Chilling Adventures of Sabrina: 2. Kısım: No. 14: Lupercalia,;28.01.2020
Chilling Adventures of Sabrina: 2. Kısım: No. 13: Sabrina Spellman'ın Tutkusu,;28.01.2020
Chilling Adventures of Sabrina: 2. Kısım: No. 12: Epifani,;28.01.2020
Chilling Adventures of Sabrina: 1. Kısım: No. 11: Bir Kış Dönümü Masalı,;27.01.2020
Chilling Adventures of Sabrina: 1. Kısım: No. 10: Tekinsiz Saatler,;27.01.2020
Chilling Adventures of Sabrina: 1. Kısım: No. 9: Dirilen Oğlan,;27.01.2020
Chilling Adventures of Sabrina: 1. Kısım: No. 8: Gömülme,;27.01.2020
Chilling Adventures of Sabrina: 1. Kısım: No. 7: Şölenlerin Şöleni,;27.01.2020
Chilling Adventures of Sabrina: 1. Kısım: No. 6: Greendale'de İblis Çıkarma,;27.01.2020
Chilling Adventures of Sabrina: 1. Kısım: No. 5: Cadı Evindeki Rüyalar,;27.01.2020
Chilling Adventures of Sabrina: 1. Kısım: No. 4: Cadı Akademisi,;27.01.2020
Chilling Adventures of Sabrina: 1. Kısım: No. 3: Sabrina Spellman'ın Mahkemesi,;27.01.2020
Chilling Adventures of Sabrina: 1. Kısım: No. 2: Karanlık Vaftiz,;26.01.2020
Ölmek İçin On Üç Sebep: 3. Sezon: Evet, Ben Yeni Kızım,;26.01.2020
Sex Education: 2. Sezon: 8. Bölüm,;20.01.2020
Sex Education: 2. Sezon: 7. Bölüm,;20.01.2020
Sex Education: 2. Sezon: 6. Bölüm,;19.01.2020
Sex Education: 2. Sezon: 5. Bölüm,;19.01.2020
Sex Education: 2. Sezon: 4. Bölüm,;19.01.2020
Sex Education: 2. Sezon: 3. Bölüm,;19.01.2020
Sex Education: 2. Sezon: 2. Bölüm,;19.01.2020
Sex Education: 2. Sezon: 1. Bölüm,;19.01.2020
Sex Education: 1. Sezon: 1. Bölüm,;18.01.2020
Spinning Out: İkisi 40$,;16.01.2020
Spinning Out: Pinecrest'i Vahşi Tutun,;16.01.2020
Spinning Out: Dikkatli Olun,;16.01.2020
Spinning Out: Aileye Hoş Geldin,;16.01.2020
